product_id,ProductName,Price
22485,Set Of 2 Wooden Market Crates,21.47
22596,Christmas Star Wish List Chalkboard,10.65
23235,Storage Tin Vintage Leaf,11.53
23272,Tree T-Light Holder Willie Winkie,10.65
23239,Set Of 4 Knick Knack Tins Poppies,11.94
21705,Bag 500g Swirly Marbles,10.65
22118,Joy Wooden Block Letters,11.53
22119,Peace Wooden Block Letters,12.25
22217,T-Light Holder Hanging Lace,10.65
22216,T-Light Holder White Lace,10.55
22380,Toy Tidy Spaceboy,11.06
22442,Grow Your Own Flowers Set Of 3,12.25
22664,Toy Tidy Dolly Girl Design,11.06
22721,Set Of 3 Cake Tins Sketchbook,12.25
22723,Set Of 6 Herb Tins Sketchbook,11.53
22785,Squarecushion Cover Pink Union Jack,11.53
22955,36 Foil Star Cake Cases,11.06
23141,Triple Wire Hook Pink Heart,11.06
22956,36 Foil Heart Cake Cases,11.06
22581,Wood Stocking Christmas Scandispot,10.55
23198,Pantry Magnetic Shopping List,11.53
23197,Sketchbook Magnetic Shopping List,11.74
23184,Bull Dog Bottle Opener,15.32
23168,Classic Cafe Sugar Dispenser,11.53
23167,Small Ceramic Top Storage Jar,10.96
23166,Medium Ceramic Top Storage Jar,11.32
23165,Large Ceramic Top Storage Jar,11.74
23004,Travel Card Wallet Pantry,10.68
23002,Travel Card Wallet Skulls,10.68
23000,Travel Card Wallet Transport,10.68
22998,Travel Card Wallet Keep Calm,10.68
22994,Travel Card Wallet Retrospot,10.68
22835,Hot Water Bottle I Am So Poorly,15.32
22730,Alarm Clock Bakelike Ivory,14.09
22728,Alarm Clock Bakelike Pink,14.09
22727,Alarm Clock Bakelike Red,14.09
22726,Alarm Clock Bakelike Green,14.09
22720,Set Of 3 Cake Tins Pantry Design,14.61
22693,Grow A Flytrap Or Sunflower In Tin,11.34
22670,French Wc Sign Blue Metal,11.53
22667,Recipe Box Retrospot,12.86
22666,Recipe Box Pantry Yellow Design,12.86
22631,Circus Parade Lunch Box,12.25
22628,Picnic Boxes Set Of 3 Retrospot,15.32
22467,Gumball Coat Rack,12.86
22197,Popcorn Holder,10.99
22114,Hot Water Bottle Tea And Sympathy,14.61
22112,Chocolate Hot Water Bottle,15.32
21908,Chocolate This Way Metal Sign,12.4
21874,Gin And Tonic Mug,11.74
21872,Glamorous Mug,11.53
21871,Save The Planet Mug,11.74
21533,Retrospot Large Milk Jug,15.32
21481,Fawn Blue Hot Water Bottle,14.09
21479,White Skull Hot Water Bottle,14.61
21248,Door Hanger Mum + Dads Room,11.74
21216,Set 3 Retrospot Tea/Coffee/Sugar,14.61
21181,Please One Person Metal Sign,12.15
21175,Gin And Tonic Diet Metal Sign,12.38
21169,You're Confusing Me Metal Sign,11.74
21162,Toxic Area Door Hanger,10.65
21159,Moody Boy Door Hanger,10.65
21158,Moody Girl Door Hanger,10.65
21154,Red Retrospot Oven Glove,11.53
16016,Large Chinese Style Scissor,11.12
16014,Small Chinese Style Scissor,10.68
16008,Small Folding Scissor(Pointed Edge),10.37
85152,Hand Over The Chocolate Sign,12.15
84596F,Small Marshmallows Pink Bowl,10.68
84596B,Small Dolly Mix Design Orange Bowl,10.68
84510A,Set Of 4 English Rose Coasters,11.53
82600,N0 Singing Metal Sign,12.15
82581,Toilet Metal Sign,10.81
72232,Feng Shui Pillar Candle,10.44
47559B,Tea Time Oven Glove,11.53
47504H,English Rose Spirit Level,11.06
23493,Vintage Doily Travel Sewing Kit,12.25
23430,Blue Retro Kitchen Wall Clock,18.6
23429,Red Retro Kitchen Wall Clock,18.6
23428,Ivory Retro Kitchen Wall Clock,18.6
23358,Hot Stuff Hot Water Bottle,11.53
23293,Set Of 12 Fairy Cake Baking Cases,11.1
23243,Set Of Tea Coffee Sugar Tins Pantry,15.32
23240,Set Of 4 Knick Knack Tins Doily,14.5
48111,Doormat 3 Smiley Cats,17.51
22464,Hanging Metal Heart Lantern,11.06
20982,12 Pencils Tall Tube Skulls,11.12
20981,12 Pencils Tall Tube Woodland,11.12
23424,Gingham Recipe Book Box,15.32
23338,Egg Frying Pan Red,12.15
84970L,Single Heart Zinc T-Light Holder,11.53
22457,Natural Slate Heart Chalkboard,13.27
22469,Heart Of Wicker Small,11.94
22909,Set Of 20 Vintage Christmas Napkins,11.12
84947,Antique Silver Tea Glass Engraved,11.53
23503,Playing Cards Keep Calm & Carry On,11.53
23445,Ice Cream Bubbles,11.1
23530,Wall Art Only One Person,15.32
84997C,Childrens Cutlery Polkadot Blue,14.5
84997D,Childrens Cutlery Polkadot Pink,14.5
84077,World War 2 Gliders Asstd Designs,10.55
22749,Feltcraft Princess Charlotte Doll,14.09
23127,Feltcraft Girl Nicole Kit,15.32
23126,Feltcraft Girl Amelie Kit,15.32
22747,Poppy's Playhouse Bathroom,12.4
22078,Ribbon Reel Lace Design,12.4
84946,Antique Silver T-Light Glass,11.53
22791,T-Light Glass Fluted Antique,11.53
21326,Aged Glass Silver T-Light Holder,10.92
22170,Picture Frame Wood Triple Portrait,17.17
23082,Set 6 Paper Table Lantern Hearts,14.09
22087,Paper Bunting White Lace,13.27
23464,Vintage Zinc Watering Can Small,15.32
22411,Jumbo Shopper Vintage Red Paisley,12.38
84029E,Red Woolly Hottie White Heart,14.61
22633,Hand Warmer Union Jack,12.4
23355,Hot Water Bottle Keep Calm,15.32
84029G,Knitted Union Flag Hot Water Bottle,14.61
84347,Rotating Silver Angels T-Light Hldr,12.86
21115,Rose Caravan Doorstop,12.25
22059,Ceramic Strawberry Design Mug,10.65
22072,Red Retrospot Tea Cup And Saucer,11.53
22123,Ping Microwave Apron,11.06
22476,Empire Union Jack Tv Dinner Tray,12.25
22495,Set Of 2 Round Tins Camembert,11.06
22496,Set Of 2 Round Tins Dutch Cheese,11.06
22513,Doorstop Football Design,11.06
22500,Set Of 2 Tins Jardin De Provence,11.53
23178,Jam Clock Magnet,11.53
23302,Kneeling Mat Housework Design,11.06
23533,Wall Art Garden Haven,12.25
84819,Danish Rose Round Sewing Box,11.06
22371,Airline Bag Vintage Tokyo 78,14.3
21875,Kings Choice Mug,11.34
23251,Vintage Red Enamel Trim Mug,11.32
23300,Gardeners Kneeling Pad Cup Of Tea,11.74
22138,Baking Set 9 Piece Retrospot,14.61
23843,Paper Craft Little Birdie,12.38
22617,Baking Set Spaceboy Design,15.32
20749,Assorted Colour Mini Cases,16.76
22910,Paper Chain Kit Vintage Christmas,13.27
22086,Paper Chain Kit 50'S Christmas,13.27
23351,Roll Wrap 50'S Christmas,6.19
23352,Roll Wrap 50'S Red Christmas,6.19
22491,Pack Of 12 Coloured Pencils,6.04
22561,Wooden School Colouring Set,6.04
22489,Pack Of 12 Traditional Crayons,6.04
22560,Traditional Modelling Clay,6.04
22139,Retrospot Tea Set Ceramic 11 Pc,6.04
23344,Jumbo Bag 50'S Christmas,6.19
23203,Jumbo Bag Vintage Doily,6.19
85099B,Jumbo Bag Red Retrospot,6.19
23201,Jumbo Bag Alphabet,6.19
23207,Lunch Bag Alphabet Design,6.19
21137,Black Record Cover Frame,6.04
23118,Parisienne Jewellery Drawer,6.04
23111,Parisienne Sewing Box,6.04
22179,Set 10 Night Owl Lights,6.04
22061,Large Cake Stand Hanging Strawbery,7.24
22182,Cake Stand Victorian Filigree Small,7.24
23571,Traditional Naughts & Crosses,7.24
23369,Set 36 Colour Pencils Love London,6.19
23370,Set 36 Colouring Pencils Doily,6.19
23371,Set 36 Colour Pencils Spaceboy,6.19
23372,Set 36 Colour Pencils Dolly Girl,6.19
23376,Pack Of 12 Vintage Christmas Tissue,6.19
23377,Pack Of 12 Dolly Girl Tissues,6.19
23378,Pack Of 12 50'S Christmas Tissues,6.19
23379,Pack Of 12 Red Apple Tissues,6.19
23380,Pack Of 12 Vintage Doily Tissues,6.19
23381,Pack Of 12 Vintage Leaf Tissues,6.19
23382,Box Of 6 Christmas Cake Decorations,6.19
23391,I Love London Mini Backpack,6.19
23392,Spaceboy Rocket Lolly Makers,6.19
23399,Home Sweet Home Hanging Heart,6.19
23405,Home Sweet Home 2 Drawer Cabinet,6.19
23418,Lavender Toilette Bottle,6.19
23426,Metal Sign Drop Your Pants,6.19
23434,3 Raffia Ribbons 50'S Christmas,6.19
23435,3 Raffia Ribbons Vintage Christmas,6.04
23439,Hand Warmer Red Love Heart,6.19
23451,Square Mini Portrait Frame,6.19
23467,Vintage Zinc Planter,6.19
23469,Card Holder Love Bird Small,6.19
23480,Mini Lights Woodland Mushrooms,6.19
23494,Vintage Doily Deluxe Sewing Kit,6.19
23495,Set Of 3 Pantry Wooden Spoons,6.19
23497,Classic Chrome Bicycle Bell,6.19
23498,Classic Bicycle Clips,6.19
23501,Key Ring Baseball Boot Union Jack,6.19
23506,Mini Playing Cards Spaceboy,6.04
23508,Mini Playing Cards Dolly Girl,6.04
23510,Mini Playing Cards Gymkhana,6.04
23521,Wall Art Cat And Bird,6.04
23526,Wall Art Dog Licence,6.04
23534,Wall Art Stop For Tea,6.19
23535,Wall Art Bicycle Safety,6.19
23536,Wall Art Village Show,6.19
23538,Wall Art Vintage Heart,6.19
23551,Pack Of 12 Paisley Park Tissues,6.19
23552,Bicycle Puncture Repair Kit,6.19
23555,Landmark Frame Notting Hill,6.19
23559,Woodland Bunnies Lolly Makers,6.19
23561,Set Of 6 Ribbons Party,6.19
23564,Egg Cup Milkmaid Ingrid,6.19
23565,Egg Cup Milkmaid Helga,6.19
23567,Egg Cup Henrietta Hen Pink,6.19
23569,Tradtional Alphabet Stamp Set,6.19
23570,Traditional Pick Up Sticks Game,6.19
23575,Snack Tray Paisley Park,6.19
23579,Snack Tray I Love London,6.19
23611,Set 10 Cards Red Riding Hood 17214,6.19
23616,Set 10 Cards Jingle Bells 17217,6.19
23621,Set 10 Cards David's Madonna 17074,6.19
23635,Set 10 Cards Christmas Holly 17259,6.19
23644,Set 10 Cards Christmas Tree 16955,6.19
23660,Henrietta Hen Mug,6.19
23661,Milk Maids Mug,6.19
35095A,Blue Victorian Fabric Oval Box,6.19
35095B,Red Victorian Fabric Oval Box,6.19
35646,Vintage Bead Pink Evening Bag,6.19
35648,Vintage Bead Pink Purse,6.19
35953,Folkart Star Christmas Decorations,6.19
35964,Folkart Clip On Stars,6.19
35970,Zinc Folkart Sleigh Bells,6.04
46118,Funky Monkey Cushion Cover,6.19
46776A,Woven Bubble Gum Cushion Cover,7.24
46776B,Woven Berries Cushion Cover,7.24
46776C,Woven Frost Cushion Cover,7.24
46776D,Woven Sunset Cushion Cover,7.24
46776E,Woven Candy Cushion Cover,7.24
46776F,Woven Rose Garden Cushion Cover,7.24
47310M,Small Pop Box Funky Monkey,6.19
47480,Hanging Photo Clip Rope Ladder,6.19
47563A,Retro Longboard Ironing Board Cover,7.24
47566,Party Bunting,7.24
47590B,Pink Happy Birthday Bunting,7.24
51014A,Feather Pen Hot Pink,7.24
51014L,Feather Pen Light Pink,7.24
71270,Photo Clip Line,7.24
72349B,Set/6 Purple Butterfly T-Lights,6.39
72741,Grand Chocolatecandle,7.24
72800E,4 Ivory Dinner Candles Silver Flock,7.24
79321,Chilli Lights,6.19
82484,Wood Black Board Ant White Finish,6.19
82567,Airline Lounge Metal Sign,6.19
82582,Area Patrolled Metal Sign,6.19
84031A,Charlie+Lola Red Hot Water Bottle,6.19
84249A,Greeting Card Square Doughnuts,6.19
84375,Set Of 20 Kids Cookie Cutters,6.19
84378,Set Of 3 Heart Cookie Cutters,6.19
84519B,Carrot Charlie+Lola Coaster Set,6.19
84559A,3d Sheet Of Dog Stickers,6.19
84568,Girls Alphabet Iron On Patches,6.19
84569D,Pack 6 Heart/Ice-Cream Patches,6.19
84598,Boys Alphabet Iron On Patches,6.19
84692,Box Of 24 Cocktail Parasols,6.19
84755,Colour Glass T-Light Holder Hanging,6.19
84828,Jungle Popsicles Ice Lolly Moulds,6.19
84879,Assorted Colour Bird Ornament,6.19
84923,Pink Butterfly Handbag W Bobbles,6.04
84970S,Hanging Heart Zinc T-Light Holder,6.04
84978,Hanging Heart Jar T-Light Holder,6.04
84991,60 Teatime Fairy Cake Cases,6.04
84997A,Childrens Cutlery Polkadot Green,6.04
84997B,Childrens Cutlery Retrospot Red,6.04
20733,Gold Mini Tape Measure,6.04
20777,Chrysanthemum Notebook,6.19
20782,Camouflage Ear Muff Headphones,6.19
20914,Set/5 Red Retrospot Lid Glass Bowls,6.19
20931,Blue Pot Plant Candle,6.19
20970,Pink Floral Feltcraft Shoulder Bag,6.19
20971,Pink Blue Felt Craft Trinket Box,6.19
20972,Pink Cream Felt Craft Trinket Box,6.19
20973,12 Pencil Small Tube Woodland,6.19
20978,36 Pencils Tube Skulls,6.19
20979,36 Pencils Tube Red Retrospot,6.19
20983,12 Pencils Tall Tube Red Retrospot,6.19
20985,Heart Calculator,6.19
20986,Blue Calculator Ruler,6.19
21000,Rose Du Sud Cosmetics Bag,6.19
21012,Antique All Glass Candlestick,6.19
21015,Dark Bird House Tree Decoration,6.19
21026,Space Owl,6.19
21035,Set/2 Red Retrospot Tea Towels,6.19
21064,Boom Box Speaker Boys,6.19
21065,Boom Box Speaker Girls,6.19
21098,Christmas Toilet Roll,6.19
21123,Set/10 Ivory Polkadot Party Candles,6.19
21125,Set 6 Football Celebration Candles,6.19
21126,Set Of 6 Girls Celebration Candles,6.19
21166,Cook With Wine Metal Sign,6.19
21172,Party Metal Sign,6.19
21174,Pottering In The Shed Metal Sign,6.19
21200,Multicolour Honeycomb Paper Garland,6.04
21201,Tropical Honeycomb Paper Garland,6.04
21212,Pack Of 72 Retrospot Cake Cases,6.04
21213,Pack Of 72 Skull Cake Cases,6.04
21220,Set/4 Badges Dogs,6.19
21224,Set/4 Skull Badges,6.19
21232,Strawberry Ceramic Trinket Pot,6.19
21257,Victorian Sewing Box Medium,6.19
21258,Victorian Sewing Box Large,6.19
21259,Victorian Sewing Box Small,6.19
21313,Glass Heart T-Light Holder,6.19
21314,Small Glass Heart Trinket Pot,6.19
21328,Balloons Writing Set,6.19
21329,Dinosaurs Writing Set,6.19
21356,Toast Its - Fairy Flower,6.19
21378,Small Tall Camphor Wood Toadstool,6.19
21379,Camphor Wood Portobello Mushroom,6.19
21383,Pack Of 12 Sticky Bunnies,6.19
21402,Red Egg Spoon,6.19
21408,Spotty Pink Duck Doorstop,6.19
21411,Gingham Heart Doorstop Red,6.19
21467,Cherry Crochet Food Cover,6.19
21471,Strawberry Raffia Food Cover,6.19
21484,Chick Grey Hot Water Bottle,6.19
21485,Retrospot Heart Hot Water Bottle,6.19
21494,Rotating Leaves T-Light Holder,6.19
21506,Fancy Font Birthday Card,6.19
21507,Elephant Birthday Card,7.24
21508,Vintage Kid Dolly Card,7.24
21509,Cowboys And Indians Birthday Card,7.24
21528,Dairy Maid Traditional Teapot,7.24
21544,Skulls Water Transfer Tattoos,7.24
21558,Skull Lunch Box With Cutlery,6.39
21559,Strawberry Lunch Box With Cutlery,7.24
21615,4 Lavender Botanical Dinner Candles,7.24
21616,4 Pear Botanical Dinner Candles,7.24
21620,Set Of 4 Rose Botanical Candles,7.24
21642,Assorted Tutti Frutti Pen,7.24
21648,Assorted Tutti Frutti Small Purse,7.24
21650,Assorted Tutti Frutti Bracelet,7.24
21675,Butterflies Stickers,6.19
21677,Hearts Stickers,6.19
21678,Paisley Pattern Stickers,6.19
21680,Woodland Stickers,6.19
21703,Bag 125g Swirly Marbles,6.19
21704,Bag 250g Swirly Marbles,6.19
21716,Boys Vintage Tin Seaside Bucket,6.19
21718,Red Metal Beach Spade,6.19
21724,Panda And Bunnies Sticker Sheet,6.19
21731,Red Toadstool Led Night Light,6.19
21739,Cosy Slipper Shoes Small Green,6.19
21774,Decorative Cats Bathroom Bottle,6.19
21786,Polkadot Rain Hat,6.19
21787,Rain Poncho Retrospot,6.19
21790,Vintage Snap Cards,6.19
21791,Vintage Heads And Tails Card Game,6.19
21808,Christmas Garland Stars Trees,6.19
21810,Christmas Hanging Star With Bell,6.19
21812,Garland With Hearts And Bells,6.19
21813,Garland With Stars And Bells,6.19
21822,Glitter Christmas Tree With Bells,6.19
21828,Eight Piece Snake Set,6.19
21832,Chocolate Calculator,6.19
21833,Camouflage Led Torch,6.04
21876,Pottering Mug,6.19
21879,Hearts Gift Tape,6.19
21889,Wooden Box Of Dominoes,6.19
21890,S/6 Wooden Skittles In Cotton Bag,6.19
21892,Traditional Wooden Catch Cup Game,6.19
21900,Key Fob Shed,6.19
21901,Key Fob Back Door,6.19
21902,Key Fob Front Door,6.19
21905,More Butter Metal Sign,6.19
21906,Pharmacie First Aid Tin,6.19
21914,Blue Harmonica In Box,6.19
21916,Set 12 Retro White Chalk Sticks,6.19
21930,Jumbo Storage Bag Skulls,6.19
21931,Jumbo Storage Bag Suki,6.19
21932,Scandinavian Paisley Picnic Bag,6.19
21934,Skull Shoulder Bag,6.19
21935,Suki Shoulder Bag,6.19
21936,Red Retrospot Picnic Bag,6.19
21942,Skulls Design Flannel,6.19
21945,Strawberries Design Flannel,6.19
21947,Set Of 6 Heart Chopsticks,6.19
21949,Set Of 6 Strawberry Chopsticks,6.19
21967,Pack Of 12 Skull Tissues,6.19
21976,Pack Of 60 Mushroom Cake Cases,6.19
21977,Pack Of 60 Pink Paisley Cake Cases,6.19
21980,Pack Of 12 Red Retrospot Tissues,6.19
21981,Pack Of 12 Woodland Tissues,6.19
21982,Pack Of 12 Suki Tissues,6.19
21983,Pack Of 12 Blue Paisley Tissues,6.19
21984,Pack Of 12 Pink Paisley Tissues,6.19
21986,Pack Of 12 Pink Polkadot Tissues,6.19
21989,Pack Of 20 Skull Paper Napkins,6.19
21990,Modern Floral Stationery Set,6.19
21993,Floral Folk Stationery Set,6.19
22024,Rainy Ladies Birthday Card,6.19
22025,Ring Of Roses Birthday Card,6.19
22026,Banquet Birthday Card,6.19
22027,Tea Party Birthday Card,6.19
22028,Penny Farthing Birthday Card,6.19
22029,Spaceboy Birthday Card,6.19
22031,Botanical Lavender Birthday Card,6.19
22037,Robot Birthday Card,6.19
22064,Pink Doughnut Trinket Pot,6.19
22065,Christmas Pudding Trinket Pot,6.19
22068,Black Pirate Treasure Chest,6.19
22070,Small Red Retrospot Mug In Box,6.19
22071,Small White Retrospot Mug In Box,6.19
22074,6 Ribbons Shimmering Pinks,6.19
22075,6 Ribbons Elegant Christmas,6.19
22076,6 Ribbons Empire,6.19
22083,Paper Chain Kit Retrospot,6.19
22085,Paper Chain Kit Skulls,6.19
22091,Empire Tissue Box,6.19
22099,Caravan Square Tissue Box,6.19
22104,Mirror Mosaic Candle Plate,6.19
22106,Mirror Mosaic Hurricane Lamp,6.19
22107,Pizza Plate In Box,6.19
22108,Ping! Microwave Plate,6.04
22109,Full English Breakfast Plate,6.04
22110,Bird House Hot Water Bottle,6.04
22111,Scottie Dog Hot Water Bottle,6.19
22116,Metal Sign His Dinner Is Served,6.19
22121,Noel Wooden Block Letters,6.19
22124,Set Of 2 Tea Towels Ping Microwave,6.19
22129,Party Cones Candy Decoration,6.19
22134,Mini Ladle Love Heart Red,6.19
15036,Assorted Colours Silk Fan,6.19
15039,Sandalwood Fan,6.19
15058C,Ice Cream Design Garden Parasol,6.19
16218,Cartoon Pencil Sharpeners,6.19
16225,Rattle Snake Eggs,6.19
16235,Recycled Pencil With Rabbit Eraser,6.19
16237,Sleeping Cat Erasers,6.19
17038,Porcelain Budah Incense Holder,6.19
17084N,Fairy Dreams Incense,6.19
20659,Economy Luggage Tag,6.19
20665,Red Retrospot Purse,6.19
20668,Disco Ball Christmas Decoration,6.19
20718,Red Retrospot Shopper Bag,6.19
20719,Woodland Charlotte Bag,6.19
20723,Strawberry Charlotte Bag,6.19
20724,Red Retrospot Charlotte Bag,6.19
22135,Mini Ladle Love Heart Pink,6.19
22141,Christmas Craft Tree Top Angel,6.19
22150,3 Stripey Mice Feltcraft,7.24
22153,Angel Decoration Stars On Dress,7.24
22154,Angel Decoration 3 Buttons,7.24
22155,Star Decoration Rustic,7.24
22156,Heart Decoration With Pearls,7.24
22163,Heart String Memo Holder Hanging,7.24
22165,Diamante Heart Shaped Wall Mirror,7.24
22167,Oval Wall Mirror Diamante,7.24
22173,Metal 4 Hook Hanger French Chateau,7.24
22174,Photo Cube,6.19
22178,Victorian Glass Hanging T-Light,6.19
22186,Red Star Card Holder,7.24
22190,Local Cafe Mug,7.24
22193,Red Diner Wall Clock,7.24
22195,Large Heart Measuring Spoons,7.24
22196,Small Heart Measuring Spoons,7.24
22199,Frying Pan Red Retrospot,7.24
22209,Wood Stamp Set Happy Birthday,7.24
22212,Four Hook White Lovebirds,7.24
22219,Lovebird Hanging Decoration White,7.24
22224,White Lovebird Lantern,7.24
22227,Hanging Heart Mirror Decoration,7.24
22260,Felt Egg Cosy Blue Rabbit,6.39
22261,Felt Egg Cosy White Rabbit,7.24
22264,Felt Farm Animal White Bunny,7.24
22273,Feltcraft Doll Molly,7.24
22277,Cosmetic Bag Vintage Rose Paisley,7.24
22279,Pocket Bag Blue Paisley Red Spot,7.24
22280,Pocket Bag Pink Paisely Brown Spot,7.24
22300,Coffee Mug Dog + Ball Design,7.24
22301,Coffee Mug Cat + Bird Design,7.24
22307,Gold Mug Bone China Tree Of Life,7.24
22308,Tea Cosy Blue Stripe,7.24
22309,Tea Cosy Red Stripe,7.24
22324,Blue Polkadot Kids Bag,7.24
22326,Round Snack Boxes Set Of4 Woodland,7.24
22327,Round Snack Boxes Set Of 4 Skulls,7.24
22329,Round Container Set Of 5 Retrospot,6.19
22338,Star Decoration Painted Zinc,6.19
22340,Noel Garland Painted Zinc,6.19
22342,Home Garland Painted Zinc,6.19
22348,Tea Bag Plate Red Retrospot,6.19
22355,Charlotte Bag Suki Design,6.19
22356,Charlotte Bag Pink Polkadot,6.19
22357,Kings Choice Biscuit Tin,6.19
22358,Kings Choice Tea Caddy,6.19
22361,Glass Jar Daisy Fresh Cotton Wool,6.19
22362,Glass Jar Peacock Bath Salts,6.19
22367,Childrens Apron Spaceboy Design,6.19
22372,Airline Bag Vintage World Champion,6.19
22374,Airline Bag Vintage Jet Set Red,6.19
85014B,Red Retrospot Umbrella,6.19
85032C,Curious Images Gift Wrap Set,6.19
85038,6 Chocolate Love Heart T-Lights,6.19
85039A,Set/4 Red Mini Rose Candle In Bowl,6.19
85039B,S/4 Ivory Mini Rose Candle In Bowl,6.19
85040A,S/4 Pink Flower Candles In Bowl,6.19
85048,15cm Christmas Glass Ball 20 Lights,6.19
85049C,Romantic Pinks Ribbons,6.19
85049G,Chocolate Box Ribbons,6.19
85049H,Urban Black Ribbons,6.19
85053,French Enamel Candleholder,6.19
85059,French Enamel Water Basin,6.19
85066,Cream Sweetheart Mini Chest,6.19
85094,Candy Spot Egg Warmer Rabbit,6.19
85114C,Red Enchanted Forest Placemat,6.19
85123A,Cream Hanging Heart T-Light Holder,6.19
85131B,Beaded Crystal Heart Green On Stick,6.19
85131D,Beaded Crystal Heart Pink On Stick,6.19
85168B,Black Baroque Carriage Clock,6.19
85169C,Eau De Nil Love Bird Candle,6.19
85170C,Set/6 Eau De Nil Bird T-Lights,6.19
85173,Set/6 Frog Prince T-Light Candles,6.19
85177,Basket Of Flowers Sewing Kit,6.19
85178,Victorian Sewing Kit,6.19
85179A,Green Bitty Light Chain,6.19
85199S,Small Hanging Ivory/Red Wood Bird,6.19
85227,Set Of 6 3d Kit Cards For Kids,6.19
90003C,Midnight Blue Pair Heart Hair Slide,6.19
90003E,Green Pair Heart Hair Slides,6.19
90010A,Midnight Blue Glass/Silver Bracelet,6.04
90013A,Midnight Blue Vintage Earrings,6.19
90013C,Green Vintage Earrings,6.19
90014A,Silver Mop Orbit Necklace,6.19
90016B,Gold/Mop Pendant Orbit Necklace,6.19
90018B,Gold Mop Orbit Drop Earrings,6.19
90019B,Gold Mop Orbit Bracelet,6.19
90027D,Glass Bead Hoop Earrings Amethyst,6.19
90030B,Red Kukui Coconut Seed Necklace,6.19
90055,Cracked Glaze Earrings Brown,6.19
90059A,Diamante Hair Grip Pack/2 Crystal,6.19
90059D,Diamante Hair Grip Pack/2 Peridot,6.19
90059E,Diamante Hair Grip Pack/2 Ruby,6.04
90059F,Diamante Hair Grip Pack/2 Lt Rose,6.19
90072,Ruby Drop Chandelier Earrings,6.19
90086,Crystal Frog Phone Charm,6.19
90120B,Blue Murano Twist Bracelet,6.19
90120C,Green Murano Twist Bracelet,6.19
90130B,Turq Stone/Crystal Earrings,6.19
90130C,Green Stone/Crystal Earrings,6.19
90134,Old Rose Combo Bead Necklace,6.19
90138,White/Pink Mini Crystals Necklace,6.19
90141B,Ivory Pendant Triple Shell Necklace,6.19
90145,Silver Hoop Earrings With Flower,6.19
90155,Resin Necklace W Pastel Beads,6.19
90161D,Ant Copper Pink Boudicca Bracelet,6.19
90163A,Pink Rosebud & Pearl Necklace,6.19
90165B,White Rosebud Pearl Earrings,6.19
90168,2 Daisies Hair Comb,6.19
90169,Daisy Hair Comb,6.19
90170,Daisy Hair Band,6.19
90174,Butterfly Hair Band,6.19
90175A,White Glass Chunky Charm Bracelet,6.19
90175D,Tigris Eye Chunky Charm Bracelet,6.19
90177A,Classic Diamante Earrings Jet,6.19
90177C,Drop Diamante Earrings Crystal,6.19
90181B,Amethyst Glass/Shell/Pearl Necklace,6.04
90182C,Black 3 Bead Drop Earrings,6.19
90183A,Amber Drop Earrings W Long Beads,6.19
90183C,Black Drop Earrings W Long Beads,6.19
90184C,Black Chunky Bead Bracelet W Strap,6.19
90185B,Amethyst Diamante Expandable Ring,6.19
90188,Drop Earrings W Flower & Leaf,6.19
90191,Silver Lariat 40cm,6.19
90192,Jade Drop Earrings W Filigree,6.19
90198A,Vintage Rose Bead Bracelet Raspberr,6.19
90200A,Purple Sweetheart Bracelet,6.19
90201A,Purple Enamel Flower Ring,6.19
90201B,Black Enamel Flower Ring,6.19
90201C,Red Enamel Flower Ring,6.19
90201D,Green Enamel Flower Ring,6.19
90202C,Green Enamel Flower Hair Tie,6.19
90202D,Pink Enamel Flower Hair Tie,6.19
90206C,Crystal Diamante Star Brooch,6.19
90208,Pair Of Pink Flower Cluster Slide,6.19
90210A,Grey Acrylic Faceted Bangle,6.19
22378,Wall Tidy Retrospot,6.19
22379,Recycling Bag Retrospot,6.19
22396,Magnets Pack Of 4 Retro Photo,6.19
22418,10 Colour Spaceboy Pen,6.19
22419,Lipstick Pen Red,6.19
22420,Lipstick Pen Baby Pink,6.19
22421,Lipstick Pen Fuschia,6.19
22422,Toothpaste Tube Pen,6.19
22437,Set Of 9 Black Skull Balloons,7.24
22441,Grow Your Own Basil In Enamel Mug,7.24
22446,Pin Cushion Babushka Pink,7.24
22466,Fairy Tale Cottage Night Light,7.24
22478,Birdhouse Garden Marker,7.24
22486,Plasmatronic Lamp,7.24
22488,Natural Slate Rectangle Chalkboard,7.24
22540,Mini Jigsaw Circus Parade,7.24
22544,Mini Jigsaw Spaceboy,7.24
22549,Picture Dominoes,7.24
22551,Plasters In Tin Spaceboy,7.24
22553,Plasters In Tin Skulls,7.24
22554,Plasters In Tin Woodland Animals,7.24
22555,Plasters In Tin Strongman,7.24
22557,Plasters In Tin Vintage Paisley,7.24
22558,Clothes Pegs Retrospot Pack 24,7.24
22565,Feltcraft Hairbands Pink And White,7.24
22566,Feltcraft Hairband Pink And Purple,7.24
22571,Rocking Horse Red Christmas,7.24
22573,Star Wooden Christmas Decoration,6.39
22574,Heart Wooden Christmas Decoration,7.24
22576,Swallow Wooden Christmas Decoration,7.24
22577,Wooden Heart Christmas Scandinavian,7.24
22578,Wooden Star Christmas Scandinavian,7.24
22580,Advent Calendar Gingham Sack,7.24
22585,Pack Of 6 Birdy Gift Tags,7.24
22586,Feltcraft Hairband Pink And Blue,7.24
22589,Cardholder Gingham Star,7.24
22591,Cardholder Gingham Christmas Tree,7.24
22592,Cardholder Holly Wreath Metal,7.24
22593,Christmas Gingham Star,6.39
22594,Christmas Gingham Tree,7.24
22597,Musical Zinc Heart Decoration,7.24
22598,Christmas Musical Zinc Tree,7.24
22599,Christmas Musical Zinc Star,6.19
22600,Christmas Retrospot Star Wood,6.19
22601,Christmas Retrospot Angel Wood,6.19
22602,Retrospot Wooden Heart Decoration,6.19
22608,Pens Assorted Funky Jeweled,6.19
22614,Pack Of 12 Spaceboy Tissues,6.19
22615,Pack Of 12 Circus Parade Tissues,6.19
22616,Pack Of 12 London Tissues,6.19
22619,Set Of 6 Soldier Skittles,6.19
22620,4 Traditional Spinning Tops,6.19
22621,Traditional Knitting Nancy,6.19
22629,Spaceboy Lunch Box,6.19
22630,Dolly Girl Lunch Box,6.19
22632,Hand Warmer Red Retrospot,6.19
22634,Childs Breakfast Set Spaceboy,6.19
22650,Ceramic Pirate Chest Money Bank,6.19
22651,Gentleman Shirt Repair Kit,6.19
22653,Button Box,6.19
22654,Deluxe Sewing Kit,6.19
22659,Lunch Box I Love London,6.19
22694,Wicker Star,6.19
22697,Green Regency Teacup And Saucer,6.19
22699,Roses Regency Teacup And Saucer,6.19
22701,Pink Dog Bowl,6.19
22703,Pink Cat Bowl,6.19
22712,Card Dolly Girl,6.19
22713,Card I Love London,6.19
22714,Card Birthday Cowboy,6.19
22716,Card Circus Parade,6.19
22717,Card Dog And Ball,6.19
22725,Alarm Clock Bakelike Chocolate,6.19
22741,Funky Diva Pen,6.19
22745,Poppy's Playhouse Bedroom,6.19
22748,Poppy's Playhouse Kitchen,6.19
22751,Feltcraft Princess Olivia Doll,6.19
22753,Small Yellow Babushka Notebook,6.19
22754,Small Red Babushka Notebook,6.19
22757,Large Red Babushka Notebook,6.19
22758,Large Purple Babushka Notebook,6.19
22763,Key Cabinet Ma Campagne,6.19
22768,Family Photo Frame Cornice,6.19
22776,Sweetheart 3 Tier Cake Stand,6.19
22795,Sweetheart Recipe Book Stand,6.19
22798,Antique Glass Dressing Table Pot,6.19
22800,Antique Tall Swirlglass Trinket Pot,6.19
22809,Set Of 6 T-Lights Santa,6.19
22811,Set Of 6 T-Lights Cacti,6.19
22814,Card Party Games,6.19
22815,Card Psychedelic Apples,6.19
22816,Card Motorbike Santa,6.19
22817,Card Suki Birthday,6.19
22818,Card Christmas Village,7.24
22819,Birthday Card Retro Spot,7.24
22865,Hand Warmer Owl Design,7.24
22866,Hand Warmer Scotty Dog Design,7.24
22867,Hand Warmer Bird Design,7.24
22881,Number Tile Vintage Font 2,7.24
22885,Number Tile Vintage Font 6,7.24
22888,Number Tile Vintage Font 9,7.24
22890,Novelty Biscuits Cake Stand 3 Tier,7.24
22898,Childrens Apron Apples Design,7.24
22899,Children's Apron Dolly Girl,7.24
22900,Set 2 Tea Towels I Love London,7.24
22905,Calendar In Season Design,7.24
22907,Pack Of 20 Napkins Pantry Design,6.39
22914,Blue Coat Rack Paris Fashion,7.24
22922,Fridge Magnets Us Diner Assorted,7.24
22924,Fridge Magnets La Vie En Rose,7.24
22928,Yellow Giant Garden Thermometer,7.24
22940,Feltcraft Christmas Fairy,6.19
22941,Christmas Lights 10 Reindeer,6.19
22943,Christmas Lights 10 Vintage Baubles,6.19
22948,Metal Decoration Naughty Children,6.19
22951,60 Cake Cases Dolly Girl Design,6.19
22952,60 Cake Cases Vintage Christmas,6.19
22960,Jam Making Set With Jars,6.19
22961,Jam Making Set Printed,6.19
22962,Jam Jar With Pink Lid,6.19
22963,Jam Jar With Green Lid,6.19
22964,3 Piece Spaceboy Cookie Cutter Set,6.19
22965,3 Traditional Biscuit Cutters Set,6.19
22966,Gingerbread Man Cookie Cutter,6.19
22969,Homemade Jam Scented Candles,6.19
22975,Spaceboy Childrens Egg Cup,6.19
22976,Circus Parade Childrens Egg Cup,6.19
22977,Dolly Girl Childrens Egg Cup,6.19
22979,Pantry Washing Up Brush,6.19
22980,Pantry Scrubbing Brush,6.19
22982,Pantry Pastry Brush,6.19
22983,Card Billboard Font,6.19
22984,Card Gingham Rose,6.19
22988,Soldiers Egg Cup,6.19
22989,Set 2 Pantry Design Tea Towels,6.19
22992,Revolver Wooden Ruler,6.19
22993,Set Of 4 Pantry Jelly Moulds,6.19
22995,Travel Card Wallet Suki,6.19
22996,Travel Card Wallet Vintage Ticket,6.19
22997,Travel Card Wallet Union Jack,6.19
22999,Travel Card Wallet Vintage Leaf,6.19
23005,Travel Card Wallet I Love London,6.19
23007,Spaceboy Baby Gift Set,6.19
23009,I Love London Baby Gift Set,6.19
23012,Glass Apothecary Bottle Perfume,6.19
23013,Glass Apothecary Bottle Tonic,6.19
23014,Glass Apothecary Bottle Elixir,6.19
23050,Recycled Acapulco Mat Green,6.19
23051,Recycled Acapulco Mat Blue,6.19
23052,Recycled Acapulco Mat Turquoise,6.19
23053,Recycled Acapulco Mat Pink,6.19
23054,Recycled Acapulco Mat Lavender,6.19
23074,Embossed Heart Trinket Box,6.19
23076,Ice Cream Sundae Lip Gloss,6.19
23077,Doughnut Lip Gloss,6.19
23083,Set 6 Paper Table Lantern Stars,6.19
23084,Rabbit Night Light,6.19
23088,Zinc Heart Flower T-Light Holder,6.19
23089,Glass Bon Bon Jar,6.19
23093,Small Parisienne Heart Photo Frame,6.19
23103,Jingle Bell Heart Decoration,6.19
23110,Parisienne Key Cabinet,6.19
23112,Parisienne Curio Cabinet,6.19
23158,Set Of 5 Lucky Cat Magnets,6.19
23171,Regency Tea Plate Green,6.19
23172,Regency Tea Plate Pink,6.19
23173,Regency Teapot Roses,6.19
23175,Regency Milk Jug Pink,6.19
23177,Treasure Island Book Box,6.19
23183,Mother's Kitchen Spoon Rest,6.19
23188,Vintage 2 Metre Folding Ruler,6.19
23191,Bundle Of 3 Retro Note Books,6.19
23194,Gymkhana Treasure Book Box,6.19
23196,Vintage Leaf Magnetic Notepad,6.19
23204,Charlotte Bag Apples Design,6.19
23205,Charlotte Bag Vintage Alphabet,6.19
23212,Heart Wreath Decoration With Bell,6.19
23213,Star Wreath Decoration With Bell,6.19
23220,Reindeer Heart Decoration Gold,6.19
23224,Cherub Heart Decoration Gold,6.19
23229,Vintage Donkey Tail Game,6.19
23234,Biscuit Tin Vintage Christmas,6.19
23241,Treasure Tin Gymkhana Design,6.19
23245,Set Of 3 Regency Cake Tins,6.19
23247,Biscuit Tin 50'S Christmas,6.19
23264,Set Of 3 Wooden Sleigh Decorations,6.19
23265,Set Of 3 Wooden Tree Decorations,6.19
23266,Set Of 3 Wooden Stocking Decoration,6.19
23274,Star T-Light Holder Willie Winkie,6.19
23275,Set Of 3 Hanging Owls Ollie Beak,6.19
23280,Folding Butterfly Mirror Hot Pink,6.19
23284,Doormat Keep Calm And Come In,6.19
23285,Pink Vintage Spot Beaker,6.19
23287,Red Vintage Spot Beaker,6.19
23290,Spaceboy Childrens Bowl,6.19
23292,Spaceboy Childrens Cup,6.19
23294,Set Of 6 Snack Loaf Baking Cases,6.19
23295,Set Of 12 Mini Loaf Baking Cases,6.19
23298,Spotty Bunting,6.19
23299,Food Cover With Beads Set 2,6.19
23301,Gardeners Kneeling Pad Keep Calm,6.19
23307,Set Of 60 Pantry Design Cake Cases,6.19
23308,Set Of 60 Vintage Leaf Cake Cases,6.19
23309,Set Of 60 I Love London Cake Cases,6.19
23310,Bubblegum Ring Assorted,6.19
23311,Vintage Christmas Stocking,6.19
23312,Vintage Christmas Gift Sack,6.19
23313,Vintage Christmas Bunting,6.19
23314,Vintage Christmas Tablecloth,6.19
23319,Box Of 6 Mini 50'S Crackers,6.19
23322,Large White Heart Of Wicker,6.19
23323,White Wicker Star,6.19
23328,Set 6 School Milk Bottles In Crate,6.19
23332,Ivory Wicker Heart Large,6.19
23334,Ivory Wicker Heart Small,6.19
23336,Egg Frying Pan Pink,6.19
23340,Vintage Christmas Cake Frill,6.19
23345,Dolly Girl Beaker,6.19
23347,I Love London Beaker,6.19
23349,Roll Wrap Vintage Christmas,6.19
23353,6 Gift Tags Vintage Christmas,6.19
23354,6 Gift Tags 50'S Christmas,6.19
23357,Hot Water Bottle Sex Bomb,6.19
23365,Set 12 Colour Pencils Love London,6.19
23366,Set 12 Colouring Pencils Doily,6.04
23367,Set 12 Colour Pencils Spaceboy,6.04
23368,Set 12 Colour Pencils Dolly Girl,6.19
23581,Jumbo Bag Paisley Park,6.19
21928,Jumbo Bag Scandinavian Blue Paisley,6.19
21929,Jumbo Bag Pink Vintage Paisley,6.19
85099C,Jumbo Bag Baroque Black White,6.19
23199,Jumbo Bag Apples,6.19
23200,Jumbo Bag Pears,6.19
23202,Jumbo Bag Vintage Leaf,6.19
23343,Jumbo Bag Vintage Christmas,6.19
23583,Lunch Bag Paisley Park,6.19
20727,Lunch Bag Black Skull,6.04
20728,Lunch Bag Cars Blue,6.04
20725,Lunch Bag Red Retrospot,6.19
20726,Lunch Bag Woodland,6.19
22662,Lunch Bag Dolly Girl Design,6.19
23206,Lunch Bag Apple Design,6.19
23208,Lunch Bag Vintage Leaf Design,6.19
23375,50'S Christmas Paper Gift Bag,6.19
23437,50'S Christmas Gift Bag Large,6.19
22821,Gift Bag Psychedelic Apples,7.24
79190B,Retro Plastic Polka Tray,7.24
79190A,Retro Plastic 70'S Tray,7.24
22915,Assorted Bottle Top Magnets,7.24
22151,Place Setting White Heart,7.24
71459,Hanging Jam Jar T-Light Holders,7.24
84945,Multi Colour Silver T-Light Holder,7.24
21108,Fairy Cake Flannel Assorted Colour,7.24
22252,Birdcage Decoration Tealight Holder,7.24
22807,Set Of 6 T-Lights Toadstools,6.19
22556,Plasters In Tin Circus Parade,6.19
22328,Round Snack Boxes Set Of 4 Fruits,6.19
10125,Mini Funky Design Tapes,6.19
23388,Woodland Mini Backpack,6.19
23390,Dolly Girl Mini Backpack,6.19
23389,Spaceboy Mini Backpack,6.19
22698,Pink Regency Teacup And Saucer,6.19
15056N,Edwardian Parasol Natural,6.19
48138,Doormat Union Flag,6.19
21523,Doormat Fancy Font Home Sweet Home,6.19
21877,Home Sweet Home Mug,6.19
22423,Regency Cakestand 3 Tier,6.19
23598,Paper Bunting Vintage Party,6.19
16169E,Wrap 50'S Christmas,6.19
23350,Roll Wrap Vintage Spot,6.19
22314,Office Mug Warmer Choc+Blue,6.19
22313,Office Mug Warmer Pink,6.19
20831,Gold Photo Frame,6.19
21462,Nursery A B C Painted Letters,7.24
22215,Cake Stand White Two Tier Lace,7.24
22220,Cake Stand Lovebird 2 Tier White,7.24
22465,Hanging Metal Star Lantern,7.24
22539,Mini Jigsaw Dolly Girl,7.24
23438,Red Spot Gift Bag Large,6.19
21238,Red Retrospot Cup,7.24
21242,Red Retrospot Plate,7.24
21668,Red Stripe Ceramic Drawer Knob,7.24
21670,Blue Spot Ceramic Drawer Knob,7.24
21671,Red Spot Ceramic Drawer Knob,7.24
21672,White Spot Red Ceramic Drawer Knob,7.24
21673,White Spot Blue Ceramic Drawer Knob,7.24
21714,Citronella Candle Garden Pot,7.24
22735,Ribbon Reel Socks And Mittens,7.24
22736,Ribbon Reel Making Snowmen,7.24
22738,Ribbon Reel Snowy Village,7.24
22805,Blue Drawer Knob Acrylic Edwardian,7.24
22895,Set Of 2 Tea Towels Apple And Pears,7.24
22896,Peg Bag Apples Design,7.24
23356,Love Hot Water Bottle,6.19
82583,Hot Baths Metal Sign,6.19
22383,Lunch Bag Suki Design,7.24
20669,Red Heart Luggage Tag,6.19
20679,Edwardian Parasol Red,6.19
20717,Strawberry Shopper Bag,6.19
20750,Red Retrospot Mini Cases,6.19
20961,Strawberry Bath Sponge,6.19
20963,Apple Bath Sponge,6.19
21155,Red Retrospot Peg Bag,6.19
21217,Red Retrospot Round Cake Tins,6.19
21218,Red Spotty Biscuit Tin,6.19
21239,Pink Polkadot Cup,6.19
21327,Skulls Writing Set,6.19
21430,Set/3 Red Gingham Rose Storage Box,6.19
21557,Set Of 6 Funky Beakers,6.19
21754,Home Building Block Word,6.19
21843,Red Retrospot Cake Stand,6.19
21864,Union Jack Flag Passport Cover,6.19
21912,Vintage Snakes & Ladders,6.19
21955,Doormat Union Jack Guns And Roses,6.19
21987,Pack Of 6 Skull Paper Cups,6.19
22041,"Record Frame 7"" Single Size",6.19
22069,Brown Pirate Treasure Chest,6.19
22077,6 Ribbons Rustic Charm,6.19
22142,Christmas Craft White Fairy,6.19
22144,Christmas Craft Little Friends,6.19
22161,Heart Decoration Rustic Hanging,6.19
22175,Pink Owl Soft Toy,6.19
22187,Green Christmas Tree Card Holder,6.19
22207,Frying Pan Union Flag,6.19
22278,Overnight Bag Vintage Rose Paisley,6.19
22302,Coffee Mug Pears Design,6.19
22303,Coffee Mug Apples Design,6.19
22304,Coffee Mug Blue Paisley Design,6.19
22352,Lunch Box With Cutlery Retrospot,6.19
22381,Toy Tidy Pink Polkadot,7.24
22424,Enamel Bread Bin Cream,7.24
22429,Enamel Measuring Jug Cream,7.24
22456,Natural Slate Chalkboard Large,7.24
22471,Tv Dinner Tray Air Hostess,7.24
22474,Spaceboy Tv Dinner Tray,7.24
22498,Wooden Regatta Bunting,7.24
22507,Memo Board Retrospot Design,7.24
22526,Wheelbarrow For Children,7.24
22622,Box Of Vintage Alphabet Blocks,7.24
22624,Ivory Kitchen Scales,7.24
22645,Ceramic Heart Fairy Cake Money Bank,7.24
22676,French Blue Metal Door Sign 1,6.04
22684,French Blue Metal Door Sign 9,6.04
22722,Set Of 6 Spice Tins Pantry Design,6.19
22733,3d Traditional Christmas Stickers,6.19
22734,Set Of 6 Ribbons Vintage Christmas,6.19
22813,Pack 3 Boxes Bird Panettone,6.19
22838,3 Tier Cake Tin Red And Cream,6.19
22844,Vintage Cream Dog Food Container,6.19
22845,Vintage Cream Cat Food Container,6.19
22891,Tea For One Polkadot,6.19
23080,Red Metal Box Top Secret,7.24
23170,Regency Tea Plate Roses,7.24
23181,Bull Dog Bottle Top Wall Clock,6.19
71053,White Moroccan Metal Lantern,7.24
82001S,Silver Record Cover Frame,6.19
82482,Wooden Picture Frame White Finish,6.04
82552,Washroom Metal Sign,6.04
21171,Bathroom Metal Sign,6.19
84032A,Charlie+Lola Pink Hot Water Bottle,6.19
84032B,Charlie + Lola Red Hot Water Bottle,6.19
84509A,Set Of 4 English Rose Placemats,6.19
84558A,3d Dog Picture Playing Cards,6.19
84832,Zinc Willie Winkie Candle Stick,6.19
84968E,Set Of 16 Vintage Black Cutlery,6.19
85049A,Traditional Christmas Ribbons,6.17
85049E,Scandinavian Reds Ribbons,6.19
85150,Ladies & Gentlemen Metal Sign,6.19
85174,S/4 Cacti Candles,6.19
20712,Jumbo Bag Woodland Animals,6.19
20713,Jumbo Bag Owls,6.19
22386,Jumbo Bag Pink Polkadot,7.24
22663,Jumbo Bag Dolly Girl Design,6.19
22384,Lunch Bag Pink Polkadot,7.24
82486,3 Drawer Antique White Wood Cabinet,7.24
48187,Doormat New England,7.24
22319,Hairclips Forties Fabric Assorted,7.24
20704,Mr Robot Soft Toy,7.24
21564,Pink Heart Shape Love Bucket,6.19
21563,Red Heart Shape Love Bucket,7.24
22299,Pig Keyring With Light & Sound,7.24
22447,Pin Cushion Babushka Blue,7.24
22695,Wicker Wreath Small,7.24
22942,Christmas Lights 10 Santas,7.24
22808,Set Of 6 T-Lights Easter Chicks,6.19
23143,Zinc Wire Kitchen Organiser,7.24
23151,Zinc Sweetheart Soap Dish,7.24
23425,Storage Tin Home Sweet Home,7.24
84356,Pompom Curtain,7.24
22545,Mini Jigsaw Bunnies,7.24
21209,Multicolour Honeycomb Fan,7.24
23270,Set Of 2 Ceramic Painted Hearts,7.24
23210,White Rocking Horse Hand Painted,7.24
22755,Small Purple Babushka Notebook,7.24
22200,Frying Pan Pink Polkadot,6.19
84031B,Charlie Lola Blue Hot Water Bottle,6.19
22646,Ceramic Strawberry Cake Money Bank,6.19
22644,Ceramic Cherry Cake Money Bank,6.19
22394,Paperweight Kings Choice,6.04
17091J,Vanilla Incense In Tin,6.04
35471D,Set Of 3 Bird Light Pink Feather,6.04
21109,Large Cake Towel Chocolate Spots,6.19
21111,Swiss Roll Towel Chocolate Spots,6.19
22185,Slate Tile Natural Hanging,6.19
22171,3 Hook Photo Shelf Antique White,6.19
23193,Buffalo Bill Treasure Book Box,6.19
20936,Forked Cactus Candle,6.19
23040,Paper Lantern 9 Point Snow Star,6.19
21222,Set/4 Badges Beetles,6.19
79066K,Retro Mod Tray,6.19
84380,Set Of 3 Butterfly Cookie Cutters,6.19
22095,Lads Only Tissue Box,6.19
85071C,"Charlie+Lola""Extremely Busy"" Sign",6.19
23034,Drawer Knob Ceramic Black,6.19
21669,Blue Stripe Ceramic Drawer Knob,6.19
23033,Drawer Knob Ceramic Red,6.19
23318,Box Of 6 Mini Vintage Crackers,6.19
23527,Wall Art Animals And Nature,6.19
23524,Wall Art Horse & Pony,6.19
23525,Wall Art Buffalo Bill,6.19
23122,Party Charms 50 Pieces,7.24
84519A,Tomato Charlie+Lola Coaster Set,7.24
35004B,Set Of 3 Black Flying Ducks,7.24
21591,Cosy Hour Cigar Box Matches,6.19
23320,Giant 50'S Christmas Cracker,6.19
22985,Wrap Billboard Fonts Design,6.19
21194,Pink Honeycomb Paper Fan,6.19
21208,Pastel Colour Honeycomb Fan,6.19
79190D,Retro Plastic Daisy Tray,6.19
23537,Wall Art I Love London,6.19
22991,Giraffe Wooden Ruler,6.19
23190,Bundle Of 3 School Exercise Books,6.19
21355,Toast Its - I Love You,6.19
23404,Home Sweet Home Blackboard,6.19
21417,Cockle Shell Dish,6.19
84971S,Small Heart Flowers Hook,6.19
22627,Mint Kitchen Scales,6.19
22625,Red Kitchen Scales,6.19
22331,Woodland Party Bag + Sticker Set,6.19
22834,Hand Warmer Babushka Design,6.19
22505,Memo Board Cottage Design,6.19
23326,Hanging Mini Coloured Bottles,6.19
23317,Blue Refectory Clock,6.19
22794,Sweetheart Wire Magazine Rack,6.19
23182,Toilet Sign Occupied Or Vacant,6.19
21755,Love Building Block Word,6.19
44234,Assorted Circular Mobile,6.19
23238,Set Of 4 Knick Knack Tins London,6.19
23237,Set Of 4 Knick Knack Tins Leaf,6.19
21124,Set/10 Blue Polkadot Party Candles,6.19
21122,Set/10 Pink Polkadot Party Candles,6.19
21121,Set/10 Red Polkadot Party Candles,6.19
23255,Childrens Cutlery Circus Parade,7.24
21918,Set 12 Kids Colour Chalk Sticks,7.24
23037,Candle Holder Silver Madeline,6.19
23550,Wrap Alphabet Poster,6.19
22711,Wrap Circus Parade,6.19
21497,Fancy Fonts Birthday Wrap,6.19
22704,Wrap Red Apples,6.19
23515,Embroidered Ribbon Reel Daisy,6.19
22081,Ribbon Reel Flora + Fauna,6.19
22080,Ribbon Reel Polkadots,6.19
22908,Pack Of 20 Napkins Red Apples,6.19
23215,Jingle Bell Heart Antique Silver,6.19
23489,Vintage Bells Garland,6.19
84993A,75 Green Petit Four Cases,7.24
22906,12 Message Cards With Envelopes,7.24
21803,Christmas Tree Star Decoration,7.24
21809,Christmas Hanging Tree With Bell,7.24
20974,12 Pencils Small Tube Skull,7.24
22894,Tablecloth Red Apples Design,7.24
21351,Cinammon & Orange Wreath,7.24
22567,20 Dolly Pegs Retrospot,7.24
37500,Tea Time Teapot In Gift Box,7.24
23562,Set Of 6 Ribbons Perfectly Pretty,7.24
23681,Lunch Bag Red Vintage Doily,7.24
20832,Red Flock Love Heart Photo Frame,7.24
22481,Black Tea Towel Classic Design,7.24
22460,Embossed Glass Tealight Holder,7.24
22113,Grey Heart Hot Water Bottle,7.24
21684,Small Medina Stamped Metal Bowl,6.19
22398,Magnets Pack Of 4 Swallows,6.19
23145,Zinc T-Light Holder Star Large,6.19
20685,Doormat Red Retrospot,6.19
23256,Childrens Cutlery Spaceboy,6.19
22613,Pack Of 20 Spaceboy Napkins,6.19
23254,Childrens Cutlery Dolly Girl,6.19
72760B,Vintage Cream 3 Basket Cake Stand,20.45
23463,Vintage Zinc Watering Can,20.45
23144,Zinc T-Light Holder Stars Small,6.04
48194,Doormat Hearts,6.19
48185,Doormat Fairy Cake,6.19
23283,Doormat Vintage Leaf,6.19
48129,Doormat Topiary,7.24
22690,Doormat Home Sweet Home Blue,7.24
22057,Ceramic Plate Strawberry Design,7.24
22055,Mini Cake Stand Hanging Strawbery,6.19
22385,Jumbo Bag Spaceboy Design,7.24
23582,Vintage Doily Jumbo Bag Red,7.24
16219,House Shape Pencil Sharpener,6.19
16236,Kitty Pencil Erasers,6.19
16238,Party Time Pencil Erasers,6.19
17012D,Origami Rose Incense/Candle Set,6.19
17012F,Origami Sandlewood Incense/Cand Set,6.19
17084P,Dragons Blood Incense,6.19
18097C,White Tall Porcelain T-Light Holder,6.19
20682,Red Retrospot Childrens Umbrella,6.19
20764,Abstract Circles Sketchbook,6.19
20836,French Paisley Cushion Cover,6.19
20866,Blue Rose Fabric Mirror,6.19
21001,Rose Du Sud Washbag,6.19
21080,Set/20 Red Retrospot Paper Napkins,6.19
21094,Set/6 Red Spotty Paper Plates,6.19
21096,Set/6 Fruit Salad Paper Plates,6.19
21156,Retrospot Childrens Apron,6.19
21058,Party Invites Woodland,6.19
21167,White Sage Incense,6.19
21189,White Honeycomb Paper Garland,7.24
21215,Ivory Paper Cup Cake Cases,7.24
21219,Set/4 Badges Balloon Girl,7.24
21221,Set/4 Badges Cute Creatures,7.24
21231,Sweetheart Ceramic Trinket Box,7.24
21249,Woodland Height Chart Stickers,7.24
21284,Retrospot Candle Small,7.24
21288,Stripey Chocolate Nesting Boxes,7.24
21358,Toast Its - Happy Birthday,6.04
21390,Filigris Heart With Butterfly,6.19
21429,Red Gingham Rose Jewellery Box,6.19
21454,Painted Pink Rabbit,6.19
21470,Flower Vine Raffia Food Cover,6.19
21519,Gin & Tonic Diet Greeting Card,6.19
21580,Rabbit Design Cotton Tote Bag,6.19
21619,4 Vanilla Botanical Candles,6.19
21722,Sweet Pudding Sticker Sheet,6.19
21773,Decorative Rose Bathroom Bottle,6.19
21775,Decorative Flore Bathroom Bottle,6.19
21846,Pink Diamante Pen In Gift Box,6.19
21873,If You Can't Stand The Heat Mug,6.19
21891,Traditional Wooden Skipping Rope,6.19
21899,Garage Key Fob,6.19
21933,Pink Vintage Paisley Picnic Bag,6.19
21943,Cakes And Rabbits Design Flannel,6.19
21946,Party Time Design Flannel,6.19
21975,Pack Of 60 Dinosaur Cake Cases,6.19
21985,Pack Of 12 Hearts Design Tissues,7.24
21991,Bohemian Collage Stationery Set,7.24
22023,Empire Birthday Card,7.24
22090,Paper Bunting Retrospot,6.19
22105,Mirror Mosaic Goblet Candle Holder,6.04
22169,Family Album White Picture Frame,6.19
22188,Black Heart Card Holder,6.19
22208,Wood Stamp Set Thank You,6.19
22210,Wood Stamp Set Best Wishes,6.19
22211,Wood Stamp Set Flowers,6.19
22249,Decoration White Chick Magic Garden,6.19
22263,Felt Egg Cosy Ladybird,6.19
22274,Feltcraft Doll Emily,6.19
22294,Heart Filigree Dove Small,6.19
22296,Heart Ivory Trellis Large,6.19
22297,Heart Ivory Trellis Small,6.19
22312,Office Mug Warmer Polkadot,6.19
22315,200 Red + White Bendy Straws,6.19
22335,Heart Decoration Painted Zinc,6.19
22341,Love Garland Painted Zinc,6.19
22360,Glass Jar English Confectionery,6.19
22363,Glass Jar Marmalade,6.19
22364,Glass Jar Digestive Biscuits,7.24
22375,Airline Bag Vintage Jet Set Brown,6.19
22406,Money Box Kings Choice Design,6.19
22417,Pack Of 60 Spaceboy Cake Cases,6.19
22433,Watering Can Green Dinosaur,6.19
22477,Watering Can Garden Marker,6.19
22494,Emergency First Aid Tin,6.19
22508,Doorstop Retrospot Heart,6.19
22514,Childs Garden Spade Blue,6.19
22516,Childs Garden Rake Blue,6.19
22550,Holiday Fun Ludo,6.19
22563,Happy Stencil Craft,7.24
22587,Feltcraft Hairband Red And Blue,7.24
22588,Card Holder Gingham Heart,7.24
22604,Set Of 4 Napkin Charms Cutlery,6.19
22605,Wooden Croquet Garden Set,6.19
22639,Set Of 4 Napkin Charms Hearts,6.19
22640,Set Of 4 Napkin Charms 3 Keys,6.19
22642,Set Of 4 Napkin Charms Stars,6.19
22643,Set Of 4 Napkin Charms Leaves,6.19
22647,Ceramic Love Heart Money Bank,6.19
22675,French Kitchen Sign Blue Metal,6.19
22679,French Blue Metal Door Sign 4,6.19
22687,Doormat Christmas Village,6.19
22739,Ribbon Reel Christmas Sock Bauble,6.19
22743,Make Your Own Flowerpower Card Kit,6.19
22750,Feltcraft Princess Lola Doll,6.19
22756,Large Yellow Babushka Notebook,7.24
22771,Clear Drawer Knob Acrylic Edwardian,6.19
22792,Fluted Antique Candle Holder,6.19
22841,Round Cake Tin Vintage Green,6.19
22872,Number Tile Cottage Garden 4,6.19
22875,Number Tile Cottage Garden 7,6.19
22903,Calendar Family Favourites,6.19
22916,Herb Marker Thyme,6.19
22917,Herb Marker Rosemary,6.19
22918,Herb Marker Parsley,6.19
22919,Herb Marker Mint,6.19
22920,Herb Marker Basil,6.19
22921,Herb Marker Chives,6.19
22935,Baking Mould Rose Milk Chocolate,6.19
22944,Christmas Metal Postcard With Bells,6.19
22970,London Bus Coffee Mug,6.19
22974,Childrens Dolly Girl Mug,6.19
22978,Pantry Rolling Pin,6.19
23017,Apothecary Measuring Jar,7.24
23061,Vintage Embossed Heart,7.24
23087,Zinc Heart T-Light Holder,7.24
23100,Silver Bells Table Decoration,7.24
23119,Pack Of 6 Large Fruit Straws,6.19
23133,Large Ivory Heart Wall Organiser,6.19
23160,Regency Tea Spoon,6.19
23161,Regency Cake Fork,6.19
23164,Regency Cake Slice,6.19
23174,Regency Sugar Bowl Green,6.19
23211,Red Rocking Horse Hand Painted,6.19
23214,Jingle Bell Heart Antique Gold,6.19
23216,Laurel Heart Antique Gold,6.19
23218,Laurel Star Antique Gold,6.19
23219,Laurel Star Antique Silver,6.19
23221,Reindeer Heart Decoration Silver,6.19
23236,Storage Tin Vintage Doily,6.19
23263,Set Of 3 Wooden Heart Decorations,6.19
23269,Set Of 2 Ceramic Christmas Trees,7.24
23273,Heart T-Light Holder Willie Winkie,7.24
23286,Blue Vintage Spot Beaker,7.24
23289,Dolly Girl Childrens Bowl,7.24
23331,Decorative Wicker Heart Small,6.19
23339,Egg Frying Pan Blue,6.19
23346,Spaceboy Beaker,6.02
23393,Home Sweet Home Cushion Cover,6.19
23395,Belle Jardiniere Cushion Cover,6.19
23397,Foot Stool Home Sweet Home,6.19
23398,Hanging Heart Bonheur,6.19
23407,Set Of 2 Trays Home Sweet Home,6.19
23419,Home Sweet Home Bottle,6.19
23422,Pantry Hook Balloon Whisk,6.19
23423,Pantry 3 Hook Rolling Pin Hanger,6.19
23466,Tuscan Villa Dovecote Bird Feeder,7.24
23483,Hanging Butterfly T-Light Holder,7.24
23496,Pantry Kitchen Thermometer,7.24
23504,Playing Cards Jubilee Union Jack,6.19
23509,Mini Playing Cards Fun Fair,7.24
23511,Embroidered Ribbon Reel Emily,6.02
23528,Wall Art Spaceboy,6.02
23529,Wall Art Dolly Girl,6.02
23554,Landmark Frame Oxford Street,6.19
23566,Egg Cup Milkmaid Heidi,6.19
23576,Snack Tray Red Vintage Doily,6.19
23603,Set 10 Card Kraft Reindeer 17084,6.19
23614,Set 10 Cards 12 Days Wrap 17058,6.19
23636,Set 10 Cards Wishing Tree 17116,6.04
23645,Set 10 Christmas Cards Hohoho 16956,6.19
23694,Paisley Park Card,6.19
35961,Folkart Zinc Heart Christmas Dec,6.19
35967,Folk Art Metal Star T-Light Holder,6.19
47471,Rainbow Pegs Photo Clip String,6.19
47593B,Scottie Dogs Baby Bib,6.19
48173C,Doormat Black Flock,6.19
51014C,Feather Pen Coal Black,6.19
72122,Coffee Scent Pillar Candle,6.19
72131,Columbian Candle Rectangle,6.19
72132,Columbian Cube Candle,6.19
72799E,Ivory Pillar Candle Silver Flock,6.19
79144B,Painted Lightbulb Star+ Moon,6.19
79144C,Painted Lightbulb Rainbow Design,6.19
82616B,Frappucino Scarf Knitting Kit,7.24
82616C,Midnight Glamour Scarf Knitting Kit,7.24
84030E,English Rose Hot Water Bottle,7.24
84078A,Set/4 White Retro Storage Cubes,7.24
84535B,Fairy Cakes Notebook A6 Size,7.24
84792,Enchanted Bird Coathanger 5 Hook,7.24
84968D,Set Of 16 Vintage Red Cutlery,6.19
84992,72 Sweetheart Fairy Cake Cases,6.19
85032B,Blossom Images Gift Wrap Set,6.19
85034B,3 White Choc Morris Boxed Candles,6.19
85129C,Beaded Crystal Heart Blue Small,6.19
85170D,Set/6 Pink Bird T-Light Candles,6.19
85176,Sewing Susan 21 Needle Set,6.19
85179C,Pink Bitty Light Chain,6.19
85184C,Set 4 Valentine Decoupage Heart Box,6.19
90018A,Silver Mop Orbit Drop Earrings,6.19
90019C,Silver Black Orbit Bracelet,6.19
90022,Edwardian Drop Earrings Jet Black,6.19
90054,Cracked Glaze Earrings Red,6.19
90082A,Diamante Bow Brooch Green Colour,6.19
90146,Fine Silver Necklace W Pastel Flowe,6.19
90158,St Tropez Necklace,6.19
90161B,Ant Copper Turq Boudicca Bracelet,6.19
90182B,Amethyst 3 Bead Drop Earrings,6.04
90200D,Pink Sweetheart Bracelet,6.19
90200E,Green Sweetheart Bracelet,6.04
90202A,Purple Enamel Flower Hair Tie,6.19
90210C,Red Acrylic Faceted Bangle,6.19
23209,Lunch Bag Vintage Doily,6.19
16168M,Funky Monkey Gift Bag Medium,6.19
23436,Vintage Christmas Gift Bag Large,7.24
21285,Retrospot Candle Medium,7.24
21441,Blue Birdhouse Decoration,7.24
22063,Ceramic Bowl With Strawberry Design,7.24
22201,Frying Pan Blue Polkadot,7.24
22203,Milk Pan Red Retrospot,7.24
22204,Milk Pan Blue Polkadot,7.24
22221,Cake Stand Lovebird 2 Tier Pink,6.19
84817,Danish Rose Decorative Plate,6.19
84820,Danish Rose Trinket Trays,6.19
84821,Danish Rose Deluxe Coaster,6.19
22582,Pack Of 6 Sweetie Gift Boxes,6.02
22603,Christmas Retrospot Tree Wood,6.19
22609,Pens Assorted Spaceball,6.19
22636,Childs Breakfast Set Circus Parade,6.04
22671,French Laundry Sign Blue Metal,6.19
22672,French Bathroom Sign Blue Metal,6.19
22674,French Toilet Sign Blue Metal,6.19
22680,French Blue Metal Door Sign 5,7.24
22737,Ribbon Reel Christmas Present,6.19
22744,Make Your Own Monsoon Card Kit,6.19
22752,Set 7 Babushka Nesting Boxes,6.19
22766,Photo Frame Cornice,6.19
22772,Pink Drawer Knob Acrylic Edwardian,6.19
22784,Lantern Cream Gazebo,6.19
22801,Antique Glass Pedestal Bowl,6.04
22839,3 Tier Cake Tin Green And Cream,6.19
22840,Round Cake Tin Vintage Red,6.19
22853,Cat Bowl Vintage Cream,6.19
22897,Oven Mitt Apples Design,6.19
22902,Tote Bag I Love London,6.04
22930,Baking Mould Heart Milk Chocolate,6.19
22945,Christmas Metal Tags Assorted,6.04
23008,Dolly Girl Baby Gift Set,6.13
23086,Zinc Star T-Light Holder,6.19
23113,Pantry Chopping Board,6.19
23115,Red Apples Chopping Board,6.19
23120,Pack Of 6 Small Fruit Straws,6.19
23123,Cocktail Swords 50 Pieces,6.19
23162,Regency Tea Strainer,6.19
23163,Regency Sugar Tongs,6.19
23189,Set Of 12 Fork Candles,7.24
23225,Cherub Heart Decoration Silver,6.19
23227,Filigree Heart Butterfly White,6.19
23228,Filigree Heart Bird White,6.19
23242,Treasure Tin Buffalo Bill,6.19
23271,Christmas Table Silver Candle Spike,6.04
23288,Green Vintage Spot Beaker,6.19
23316,Red Refectory Clock,6.19
23329,Decorative Wicker Heart Large,6.19
23335,Egg Frying Pan Ivory,6.19
23401,Rustic Mirror With Lace Heart,6.19
23402,Home Sweet Home 3 Peg Hanger,6.19
23403,Letter Holder Home Sweet Home,6.19
23417,Bathroom Hook,6.19
23452,Heart Mini Portrait Frame,6.19
23465,Tuscan Villa Bird Feeder,6.19
23500,Key Ring Baseball Boot Assorted,6.19
23507,Mini Playing Cards Buffalo Bill,6.19
23512,Embroidered Ribbon Reel Rosie,6.19
23556,Landmark Frame Covent Garden,6.19
23560,Set Of 6 Ribbons Country Style,7.24
10133,Colouring Pencils Brown Tube,7.24
15034,Paper Pocket Traveling Fan,7.24
16048,Teatime Round Pencil Sharpener,7.24
17003,Brocade Ring Purse,7.24
20677,Pink Polkadot Bowl,7.24
20828,Glitter Butterfly Clips,7.24
20969,Red Floral Feltcraft Shoulder Bag,6.13
20997,Rose Du Sud Cushion Cover,7.24
21056,Doctor's Bag Soft Toy,6.19
21059,Party Invites Dinosaurs,6.19
21191,Large White Honeycomb Paper Bell,6.19
21210,Set Of 72 Retrospot Paper Doilies,6.19
21243,Pink Polkadot Plate,6.19
21377,Small Camphor Wood Field Mushroom,7.24
21385,Ivory Hanging Decoration Heart,7.24
21400,Red Pudding Spoon,7.24
21401,Blue Pudding Spoon,7.24
21403,Blue Egg Spoon,7.24
21561,Dinosaur Lunch Box With Cutlery,6.19
21577,Save The Planet Cotton Tote Bag,6.19
21695,Small Silver Flower Candle Pot,6.19
21715,Girls Vintage Tin Seaside Bucket,6.19
21733,Red Hanging Heart T-Light Holder,6.19
21866,Union Jack Flag Luggage Tag,6.19
21878,Pack Of 6 Sandcastle Flags Assorted,6.19
21913,Vintage Seaside Jigsaw Puzzles,6.19
21917,Set 12 Kids White Chalk Sticks,6.19
21922,Union Stripe With Fringe Hammock,6.19
22115,Metal Sign Empire Tea,7.24
22131,Food Container Set 3 Love Heart,7.24
22133,Pink Love Heart Shape Cup,7.24
22158,3 Hearts Hanging Decoration Rustic,6.19
22189,Cream Heart Card Holder,6.19
22191,Ivory Diner Wall Clock,6.19
22192,Blue Diner Wall Clock,6.19
22222,Cake Plate Lovebird White,6.02
22321,Bird Decoration Red Retrospot,6.02
22376,Airline Bag Vintage Jet Set White,6.19
22377,Bottle Bag Retrospot,6.19
22390,Paperweight Childhood Memories,6.04
22393,Paperweight Vintage Collage,6.19
22428,Enamel Fire Bucket Cream,6.19
22439,6 Rocket Balloons,6.19
22493,Paint Your Own Canvas Set,6.19
22523,Childs Garden Fork Pink,6.19
22543,Mini Jigsaw Bake A Cake,6.19
22546,Mini Jigsaw Purdey,6.19
22547,Mini Jigsaw Dinosaur,6.19
22562,Monsters Stencil Craft,6.19
22564,Alphabet Stencil Craft,6.19
23568,Egg Cup Henrietta Hen Cream,6.19
23626,Set 10 Cards Dinky Tree 17076,7.24
23637,Set 10 Cards Out Of Order 17216,7.24
23640,Set 10 Cards Scottie Dog 17211,6.04
23650,Set 10 Cards Filigree Bauble 16961,6.04
23695,Doily Thank You Card,6.19
35649,Vintage Bead Cosmetic Bag,6.19
35924,Hanging Fairy Cake Decoration,6.19
37447,Ceramic Cake Design Spotted Plate,6.19
37450,Ceramic Cake Bowl + Hanging Cakes,6.19
47578A,English Rose Small Scented Flower,6.19
47591D,Pink Fairy Cake Childrens Apron,6.19
70006,Love Heart Pocket Warmer,6.19
72598,Set/12 Taper Candles,6.19
79403,Frosted White Base,6.04
82578,Kitchen Metal Sign,6.04
84536A,English Rose Notebook A7 Size,6.19
84580,Mouse Toy With Pink T-Shirt,6.19
84596G,Small Chocolates Pink Bowl,6.19
84661A,White Square Table Clock,6.19
84661B,Black Square Table Clock,6.19
84836,Zinc Metal Heart Decoration,6.19
84949,Silver Hanging T-Light Holder,6.19
84950,Assorted Colour T-Light Holder,6.19
84988,Set Of 72 Pink Heart Paper Doilies,6.19
85025B,Eau De Nile Heart Shape Photo Frame,6.19
85039C,S/4 Black Mini Rose Candle In Bowl,7.24
85169A,Ivory Love Bird Candle,7.24
85169B,Black Love Bird Candle,7.24
85231B,Cinammon Set Of 9 T-Lights,7.24
85232D,Set/3 Decoupage Stacking Tins,6.19
90016C,Silver/Black Pendant Orbit Necklace,6.19
90039C,Fire Polished Glass Bracelet Black,6.19
90083,Crystal Czech Cross Phone Charm,6.19
90101,White Frangipani Necklace,6.19
90114,Summer Daisies Bag Charm,6.19
90160C,Turq+Red Boudicca Large Bracelet,6.19
90161A,Ant Copper Red Boudicca Bracelet,6.19
90161C,Ant Copper Lime Boudicca Bracelet,6.04
90166,Pink & White Rosebud Ring,6.19
90179A,Amber Fine Bead Necklace W Tassel,6.19
90187B,Green Drop Earrings W Bead Cluster,6.19
90200B,Black Sweetheart Bracelet,6.19
90206A,Gold Diamante Star Brooch,6.19
85099F,Jumbo Bag Strawberry,7.24
22382,Lunch Bag Spaceboy Design,6.04
21289,Large Stripes Chocolate Gift Bag,6.19
16258A,Swirly Circular Rubbers In Bag,6.19
22438,Balloon Art Make Your Own Flowers,6.04
20992,Jazz Hearts Purse Notebook,6.19
85199L,Large Hanging Ivory & Red Wood Bird,6.19
22509,Sewing Box Retrospot Design,7.24
20996,Jazz Hearts Address Book,6.19
85071B,Red Charlie+Lola Personal Doorsign,6.19
21051,Ribbons Purse,6.19
23341,Pink Diner Wall Clock,6.19
23281,Folding Butterfly Mirror Red,6.19
22492,Mini Paint Set Vintage,6.19
22536,Magic Drawing Slate Purdey,6.19
22534,Magic Drawing Slate Spaceboy,6.19
22530,Magic Drawing Slate Dolly Girl,6.19
22046,Tea Party Wrapping Paper,6.19
22708,Wrap Dolly Girl,6.19
21498,Red Retrospot Wrap,6.19
15056P,Edwardian Parasol Pink,6.19
23176,Abc Treasure Book Box,6.19
23394,Poste France Cushion Cover,6.19
23396,Le Jardin Botanique Cushion Cover,6.19
22846,Bread Bin Diner Style Red,7.24
23455,Small Parlour Picture Frame,7.24
21623,Vintage Union Jack Memoboard,6.19
21135,Victorian Metal Postcard Spring,6.19
20676,Red Retrospot Bowl,6.19
21042,Red Retrospot Apron,6.19
21452,Toadstool Money Box,7.24
21581,Skulls Design Cotton Tote Bag,7.24
21881,Cute Cats Tape,6.19
21944,Kittens Design Flannel,6.19
21974,Set Of 36 Paisley Flower Doilies,6.19
22136,Love Heart Sock Hanger,6.19
22166,Wall Mirror Rectangle Diamante Pink,6.19
22414,Doormat Neighbourhood Witch,6.19
22425,Enamel Colander Cream,6.19
22468,Babushka Lights String Of 10,6.19
22470,Heart Of Wicker Large,6.19
22669,Red Baby Bunting,6.19
22692,Doormat Welcome To Our Home,6.19
22781,Gumball Magazine Rack,6.04
22972,Children's Spaceboy Mug,6.19
23474,Woodland Small Blue Felt Heart,7.24
37340,Multicolour Spring Flower Mug,7.24
47591B,Scotties Childrens Apron,7.24
72801D,4 Sky Blue Dinner Candles,6.19
82494L,Wooden Frame Antique White,6.19
85114B,Ivory Enchanted Forest Placemat,6.04
22923,Fridge Magnets Les Enfants Assorted,6.19
21770,Open Closed Metal Sign,6.19
23400,Shelf With 4 Hooks Home Sweet Home,6.19
23321,Small White Heart Of Wicker,6.19
22804,Pink Hanging Heart T-Light Holder,6.19
23081,Green Metal Box Army Supplies,6.19
23427,Stool Home Sweet Home,6.19
23413,Decorative Vintage Coffee Box,6.19
20932,Pink Pot Plant Candle,6.19
20933,Yellow Pot Plant Candle,6.19
20675,Blue Polkadot Bowl,6.04
21240,Blue Polkadot Cup,6.04
22426,Enamel Wash Bowl Cream,6.19
21576,Lets Go Shopping Cotton Tote Bag,6.19
22709,Wrap Wedding Day,6.19
23233,Wrap Poppies Design,6.19
23232,Wrap Vintage Leaf Design,6.19
22487,White Wood Garden Plant Ladder,6.19
21628,Triangular Pouffe Vintage,6.19
84006,Magic Tree -Paper Flowers,6.19
21495,Skulls And Crossbones Wrap,6.19
23499,Set 12 Vintage Doily Chalk,6.19
23101,Silver Stars Table Decoration,6.19
21592,Retrospot Cigar Box Matches,6.19
22746,Poppy's Playhouse Livingroom,6.19
22584,Pack Of 6 Panettone Gift Boxes,6.19
23109,Pack Of Six Led Tea Lights,6.19
21588,Retrospot Giant Tube Matches,6.19
23505,Playing Cards I Love London,6.04
22607,Wooden Rounders Garden Set,6.04
23106,Zinc Hearts Plant Pot Holder,6.19
22959,Wrap Christmas Village,6.19
23531,Wall Art Big Love,7.24
23532,Wall Art Work Rest And Play,7.24
20975,12 Pencils Small Tube Red Retrospot,7.24
22595,Gingham Heart Decoration,7.24
22475,Skull Design Tv Dinner Tray,6.19
22094,Red Retrospot Tissue Box,6.19
22092,Blue Paisley Tissue Box,6.04
21262,White Goose Feather Christmas Tree,6.19
23548,Wrap Magic Forest,6.19
21867,Pink Union Jack Luggage Tag,6.19
21865,Pink Union Jack Passport Cover,6.19
47421,Assorted Colour Lizard Suction Hook,6.19
84920,Pink Flower Fabric Pony,6.19
22430,Enamel Watering Can Cream,6.19
23192,Bundle Of 3 Alphabet Exercise Books,7.24
23179,Clock Magnet Mum's Kitchen,7.24
22953,Birthday Party Cordon Barrier Tape,7.24
84951B,Set Of 4 Black Lovebird Coasters,7.24
23075,Parlour Ceramic Wall Hook,7.24
72351A,Set/6 Turquoise Butterfly T-Lights,7.24
22775,Purple Drawerknob Acrylic Edwardian,7.24
23148,Miniature Antique Rose Hook Ivory,6.19
22365,Doormat Respectable House,6.19
22473,Tv Dinner Tray Vintage Paisley,6.19
22893,Mini Cake Stand T-Light Holder,6.19
21926,Red/Cream Stripe Cushion Cover,6.19
22806,Set Of 6 T-Lights Wedding Cake,6.02
23459,Dolly Cabinet 2 Drawers,6.02
23458,Dolly Cabinet 3 Drawers,6.02
82483,Wood 2 Drawer Cabinet White Finish,6.19
22852,Dog Bowl Vintage Cream,6.19
72800C,4 Pink Dinner Candle Silver Flock,6.19
72800B,4 Purple Flock Dinner Candles,6.19
22673,French Garden Sign Blue Metal,7.24
23360,Set 8 Candles Vintage Doily,7.24
72811,Small Zinc/Glass Candleholder,7.24
23019,Small Apothecary Measuring Jar,6.04
23457,Large Parlour Picture Frame,7.24
23578,Snack Tray Red Gingham,7.24
21442,Green Birdhouse Decoration,7.66
21034,Rex Cash+Carry Jumbo Shopper,6.19
21524,Doormat Spotty Home Sweet Home,6.19
23415,Home Sweet Home Hook,6.19
22986,Wrap Gingham Rose,6.19
16156S,Wrap Pink Fairy Cakes,6.19
22045,Spaceboy Gift Wrap,6.19
84251G,Greeting Card Overcrowded Pool,6.19
21499,Blue Polkadot Wrap,6.19
22971,Queens Guard Coffee Mug,6.19
23558,Landmark Frame London Bridge,6.19
23553,Landmark Frame Camden Town,6.19
23557,Landmark Frame Baker Street,6.19
22668,Pink Baby Bunting,6.19
22276,Wash Bag Vintage Rose Paisley,6.19
85032A,Romantic Images Gift Wrap Set,6.19
85019A,Romantic Images Notebook Set,6.19
85019B,Blossom Images Notebook Set,6.19
22767,Triple Photo Frame Cornice,6.19
21164,Home Sweet Home Metal Sign,6.19
17012C,Origami Lavender Incense/Candl Set,6.19
23128,Feltcraft Boy Jean-Paul Kit,6.19
84707A,Silver Jewelled Mirror Trinket Tray,6.19
23253,16 Piece Cutlery Set Pantry Design,6.19
22847,Bread Bin Diner Style Ivory,6.19
21344,Moroccan Beaten Metal Dish,6.19
72783,Black Sil't Squ Candle Plate,7.24
72780,Black Silouette Candle Plate,7.24
22295,Heart Filigree Dove Large,7.24
22779,Wooden Owls Light Garland,7.24
22780,Light Garland Butterfiles Pink,7.24
22231,Jigsaw Tree With Birdhouse,6.19
22228,Bunny Wooden Painted With Bird,6.19
84012,Magic Sheep Wool Growing From Paper,6.19
23485,Botanical Gardens Wall Clock,6.19
23359,Set Of 12 T-Lights Vintage Doily,6.19
21756,Bath Building Block Word,6.19
37495,Fairy Cake Birthday Candle Set,6.19
85136C,Red Shark Helicopter,6.19
21055,Tool Box Soft Toy,6.19
48116,Doormat Multicolour Stripe,6.19
23250,Vintage Red Trim Enamel Bowl,6.19
23252,Vintage Red Enamel Trim Jug,6.19
22691,Doormat Welcome Sunrise,6.04
90214A,"Letter ""A"" Bling Key Ring",6.04
90214C,"Letter ""C"" Bling Key Ring",6.04
90214D,"Letter ""D"" Bling Key Ring",6.04
90214E,"Letter ""E"" Bling Key Ring",6.04
90214K,"Letter ""K"" Bling Key Ring",6.04
90214L,"Letter ""L"" Bling Key Ring",6.04
90214P,"Letter ""P"" Bling Key Ring",6.04
90214S,"Letter ""S"" Bling Key Ring",6.04
23374,Red Spot Paper Gift Bag,6.04
23337,Egg Frying Pan Mint,6.04
79160,Heart Shape Wireless Doorbell,6.19
23092,Large Antique White Photo Frame,6.19
22796,Photo Frame 3 Classic Hanging,6.19
22936,Baking Mould Rose White Chocolate,6.19
22932,Baking Mould Toffee Cup Chocolate,6.19
22931,Baking Mould Heart White Chocolate,6.04
22413,Metal Sign Take It Or Leave It,7.24
22511,Retrospot Babushka Doorstop,6.19
22510,Gingham Babushka Doorstop,6.19
23543,Wall Art Keep Calm,6.19
20686,Dolly Mixture Children's Umbrella,6.19
22389,Paperweight Save The Planet,6.19
22533,Magic Drawing Slate Bake A Cake,6.19
90214I,"Letter ""I"" Bling Key Ring",6.19
85015,Set Of 12 Vintage Postcard Set,6.19
22096,Pink Paisley Square Tissue Box,6.19
21894,Potting Shed Seed Envelopes,6.19
21260,First Aid Tin,6.19
21136,Painted Metal Pears Assorted,6.19
22522,Childs Garden Fork Blue,6.19
85026B,Eau De Nile Jewelled T-Light Holder,6.19
22132,Red Love Heart Shape Cup,6.19
22097,Swallow Square Tissue Box,6.19
21439,Basket Of Toadstools,6.19
47469,Assorted Shapes Photo Clip Silver,6.19
22402,Magnets Pack Of 4 Vintage Collage,7.24
21446,12 Red Rose Peg Place Settings,7.24
79063C,Retro Pill Box Key Chain The King,7.24
21638,Assorted Tutti Frutti Notebook,7.24
21640,Assorted Tutti Frutti Fob Notebook,7.24
22938,Cupcake Lace Paper Set 6,7.24
22472,Tv Dinner Tray Dolly Girl,7.24
22343,Party Pizza Dish Red Retrospot,7.24
21530,Dairy Maid Toastrack,6.19
20868,Silver Fabric Mirror,6.19
22638,Set Of 4 Napkin Charms Crowns,6.19
21819,Glitter Christmas Star,6.19
21068,Vintage Billboard Love/Hate Mug,6.19
23223,Christmas Tree Hanging Silver,6.19
23222,Christmas Tree Hanging Gold,6.19
23267,Set Of 4 Santa Place Settings,6.19
23453,Oval Mini Portrait Frame,6.19
23486,Antique Heart Shelf Unit,6.19
48184,Doormat English Rose,7.24
23546,Wrap Paisley Park,7.24
23545,Wrap Red Vintage Doily,7.24
23231,Wrap Vintage Doily,6.19
23230,Wrap Alphabet Design,6.19
22688,Doormat Peace On Earth Blue,6.19
23416,Chambre Hook,6.19
22789,T-Light Holder Sweetheart Hanging,6.19
23147,Single Antique Rose Hook Ivory,6.19
23479,Wire Egg Basket,6.19
85061W,White Jewelled Heart Decoration,6.19
23107,White Hearts Wire Plant Pot Holder,6.19
23153,Zinc Sweetheart Wire Letter Rack,6.19
23108,Set Of 10 Led Dolly Lights,6.19
23454,Three Mini Hanging Frames,6.19
22822,Cream Wall Planter Heart Shaped,6.04
23291,Dolly Girl Childrens Cup,7.24
22098,Boudoir Square Tissue Box,6.19
22946,Wooden Advent Calendar Cream,6.19
23490,T-Light Holder Hanging Love Bird,6.19
21286,Retrospot Candle Large,6.19
22445,Pencil Case Life Is Beautiful,6.19
23697,A Pretty Thank You Card,6.19
90214R,"Letter ""R"" Bling Key Ring",6.19
23487,Sweet Heart Cake Carrier,7.24
22084,Paper Chain Kit Empire,7.24
70007,Hi Tec Alpine Hand Warmer,6.19
22531,Magic Drawing Slate Circus Parade,6.19
22532,Magic Drawing Slate Leap Frog,6.19
22529,Magic Drawing Slate Go To The Fair,6.19
22453,Measuring Tape Babushka Blue,6.19
22434,Balloon Pump With 10 Balloons,6.19
46000S,Polyester Filler Pad 40x40cm,6.19
37448,Ceramic Cake Design Spotted Mug,6.19
22067,Choc Truffle Gold Trinket Pot,6.19
23155,Knickerbockerglory Magnet Assorted,6.19
23156,Set Of 5 Mini Grocery Magnets,6.19
20674,Green Polkadot Bowl,6.19
21415,Clam Shell Small,6.19
90089,Pink Crystal Skull Phone Charm,6.19
90214N,"Letter ""N"" Bling Key Ring",6.19
21132,Silver Standing Gnome,6.19
84707B,Pink Jewelled Mirror Trinket Tray,6.19
22686,French Blue Metal Door Sign No,6.19
21903,Man Flu Metal Sign,7.24
22391,Paperweight Home Sweet Home,7.24
22410,Money Box Housekeeping Design,7.24
22405,Money Box Pocket Money Design,7.24
22395,Paperweight Vintage Paisley,7.24
22742,Make Your Own Playtime Card Kit,6.19
23522,Wall Art Dog And Ball,6.19
72819,Cupid Design Scented Candles,6.19
84509B,Set Of 4 Fairy Cake Placemats,6.19
22282,12 Egg House Painted Wood,6.19
22283,6 Egg House Painted Wood,6.19
23029,Drawer Knob Crackle Glaze Green,6.19
79302M,Art Lights Funk Monkey,6.19
90210B,Clear Acrylic Faceted Bangle,6.19
90057,Diamante Ring Assorted In Box,6.19
21742,Large Round Wicker Platter,6.19
71477,Coloured Glass Star T-Light Holder,6.19
23484,Heart Trellis Triple T-Light Holder,6.04
23608,Set 10 Cards Rudolphs Nose 17097,6.04
23654,Set 10 Card Snowman 16965,6.04
72127,Columbian Candle Round,7.24
72812,Large Zinc Glass Candleholder,7.24
82551,Laundry 15c Metal Sign,7.24
84859A,Silver Disco Handbag,7.24
84859B,Blue Disco Handbag,7.24
90038B,Glass And Painted Beads Bracelet Ol,6.19
90059C,Diamante Hair Grip Pack/2 Montana,6.02
90116,Fruit Salad Bag Charm,6.02
90119,Metalic Leaves Bag Charms,6.04
90177B,Drop Diamante Earrings Black Diamon,6.19
90202B,White Enamel Flower Hair Tie,6.19
20617,First Class Passport Cover,6.19
20654,First Class Luggage Tag,6.19
20780,Black Ear Muff Headphones,7.24
20829,Glitter Hanging Butterfly String,7.24
20837,French Floral Cushion Cover,6.19
21028,Ninja Rabbit Black,6.19
21070,Vintage Billboard Mug,6.19
21088,Set/6 Fruit Salad Paper Cups,6.19
21466,Red Flower Crochet Food Cover,6.19
21624,Vintage Union Jack Doorstop,6.19
22101,Mirror Mosaic Votive Holder,6.19
22250,Decoration Butterfly Magic Garden,6.19
22251,Birdhouse Decoration Magic Garden,6.19
22479,Daisy Garden Marker,6.19
22483,Red Gingham Teddy Bear,6.19
22583,Pack Of 6 Handbag Gift Boxes,6.19
22661,Charlotte Bag Dolly Girl Design,6.19
22678,French Blue Metal Door Sign 3,7.24
22685,French Blue Metal Door Sign 0,7.24
22968,Rose Cottage Keepsake Box,6.19
23006,Travel Card Wallet Flower Meadow,6.04
23035,Drawer Knob Ceramic Ivory,6.19
23048,Set Of 10 Lanterns Fairy Light Star,6.19
23096,Petit Tray Chic,6.04
23244,Round Storage Tin Vintage Leaf,6.19
23296,Set Of 6 Tea Time Baking Cases,7.24
23315,Ivory Refectory Clock,6.19
23523,Wall Art Treasure Ahoy,6.19
90087,Crystal Sea Horse Phone Charm,6.19
21535,Red Retrospot Small Milk Jug,6.19
22626,Black Kitchen Scales,6.19
23462,Rococo Wall Mirror White,6.19
85135C,Red Dragonfly Helicopter,6.19
22030,Swallows Greeting Card,6.19
22310,Ivory Knitted Mug Cosy,6.19
22350,Illustrated Cat Bowl,6.19
22366,Doormat Airmail,6.19
22344,Party Pizza Dish Pink Polkadot,7.24
22345,Party Pizza Dish Blue Polkadot,7.24
22346,Party Pizza Dish Green Polkadot,6.19
22431,Watering Can Blue Elephant,6.19
22432,Watering Can Pink Bunny,6.19
23542,Wall Art 70'S Alphabet,6.19
23135,Small Zinc Heart Wall Organiser,6.19
23330,Decorative Wicker Heart Medium,6.19
23597,Paper Bunting Paisley Park,6.19
22606,Wooden Skittles Garden Set,6.19
84600,New Baroque Jewellery Box,6.19
84976,Rectangular Shaped Mirror,6.19
85111,Silver Glitter Flower Votive Holder,6.19
72801C,4 Rose Pink Dinner Candles,6.19
20869,Gold Fabric Mirror,7.24
84429A,Medium Pink Buddha Head,7.24
23180,Mum's Kitchen Clock,7.24
21365,Mirrored Wall Art Stars,7.24
21371,Mirrored Wall Art Poppies,7.24
21629,Square Floor Cushion Vintage Red,7.24
20772,Garden Path Journal,7.24
47580,Tea Time Des Tea Cosy,7.24
23085,Antique Silver Bauble Lamp,6.04
22320,Birds Mobile Vintage Design,6.19
23131,Mistletoe Heart Wreath Cream,6.19
22990,Cotton Apron Pantry Design,6.19
22130,Party Cone Christmas Decoration,6.04
20616,Cherry Blossom Passport Cover,6.19
20615,Blue Polkadot Passport Cover,6.19
20652,Blue Polkadot Luggage Tag,6.19
23132,Small Ivory Heart Wall Organiser,6.19
21253,Set Of Picture Frame Stickers,6.19
79191C,Retro Plastic Elephant Tray,6.19
23020,Glass Songbird Storage Jar,6.19
21531,Red Retrospot Sugar Jam Bowl,6.19
51008,Afghan Slipper Sock Pair,6.19
46000M,Polyester Filler Pad 45x45cm,6.19
23114,Vintage Leaf Chopping Board,6.19
85127,Small Square Cut Glass Candlestick,7.24
23137,Zinc Wire Sweetheart Letter Tray,6.19
22797,Chest Of Drawers Gingham Heart,6.19
22635,Childs Breakfast Set Dolly Girl,7.24
23461,Sweetheart Bird House,6.19
85225,Bling Key Ring Stand,6.19
22269,Egg Cup Natural Chicken,6.19
23186,French Style Storage Jar Cafe,6.19
21469,Polka Dot Raffia Food Cover,6.19
21537,Red Retrospot Pudding Bowl,6.19
23104,Ivory Cafe Hanging Lamp,6.19
22937,Baking Mould Chocolate Cupcakes,6.19
20846,Zinc Heart Lattice T-Light Holder,6.19
22407,Money Box First Aid Design,7.24
85034C,3 Rose Morris Boxed Candles,7.24
84926D,La Palmiera Tile Coaster,7.24
79051A,Smokey Grey Colour Glass,7.24
84927F,Psychedelic Tile Hook,7.24
21463,Mirrored Disco Ball,7.24
21245,Green Polkadot Plate,6.19
22706,Wrap Cowboys,6.19
23031,Drawer Knob Crackle Glaze Pink,6.19
21165,Beware Of The Cat Metal Sign,6.19
21706,Folding Umbrella Red/White Polkadot,7.24
21948,Set Of 6 Cake Chopsticks,6.04
22499,Wooden Union Jack Bunting,6.19
22731,3d Christmas Stamps Stickers,7.24
22732,3d Vintage Christmas Stickers,7.24
23045,Paper Lantern 5 Point Star Moon,6.19
84884A,Ant White Wire Heart Spiral,6.19
23139,Single Wire Hook Pink Heart,7.24
22762,Cupboard 3 Drawer Ma Campagne,6.19
21196,Round White Confetti In Tube,6.19
21198,White Heart Confetti In Tube,6.19
21534,Dairy Maid Large Milk Jug,6.19
23058,Christmas Hanging Snowflake,6.19
22774,Red Drawer Knob Acrylic Edwardian,7.24
23026,Drawer Knob Vintage Glass Star,7.24
22782,Set 3 Wicker Storage Baskets,7.24
23691,Wrap Keep Calm Birthday,7.24
21745,Gaolers Keys Decorative Garden,7.24
16161P,Wrap English Rose,7.24
23090,Vintage Glass T-Light Holder,6.19
23078,Ice Cream Pen Lip Gloss,6.19
22403,Magnets Pack Of 4 Vintage Labels,6.04
22696,Wicker Wreath Large,6.04
23342,Mint Diner Wall Clock,6.04
22802,Faux Fur Chocolate Throw,6.19
21630,Floor Cushion Elephant Carnival,6.19
20761,Blue Paisley Sketchbook,6.04
21584,Retrospot Small Tube Matches,6.04
22079,Ribbon Reel Hearts Design,7.24
20755,Blue Paisley Pocket Book,6.19
23408,Photo Frame Linen And Lace Small,7.24
21090,Set/6 Collage Paper Plates,7.24
21084,Set/6 Collage Paper Cups,7.24
22333,Retrospot Party Bag + Sticker Set,7.24
47503H,Ass Floral Print Spirit Level,6.39
21204,Daisies Honeycomb Garland,7.24
16011,Animal Stickers,6.19
16216,Letter Shape Pencil Sharpener,6.19
72799C,Pink Pillar Candle Silver Flock,6.19
22436,12 Coloured Party Balloons,6.19
22334,Dinosaur Party Bag + Sticker Set,6.19
22082,Ribbon Reel Stripes Design,6.19
22660,Doormat I Love London,6.19
22773,Green Drawer Knob Acrylic Edwardian,6.04
21340,Classic Metal Birdcage Plant Holder,6.19
23491,Vintage Jingle Bells Heart,6.19
84826,Asstd Design 3d Paper Stickers,6.19
22266,Easter Decoration Hanging Bunny,6.19
22610,Pens Assorted Funny Face,6.19
84509E,Set Of 4 Carousel Placemats,6.19
84806A,Pink Candystuft Artificial Flower,6.04
85212,Mini Painted Garden Decoration,6.04
23154,Set Of 4 Jam Jar Magnets,6.02
23060,Heart Beaded Trellis Decoration,6.02
84711B,Pink Oval Shape Trinket Box,6.19
84708B,Pink Jewelled Photo Frame,6.19
22281,Easter Tree Yellow Birds,6.19
23442,12 Hanging Eggs Hand Painted,6.19
21455,Painted Yellow Wooden Daisy,7.24
23067,Hanging Engraved Metal Heart,7.24
23441,Hand Painted Hanging Easter Egg,7.24
22623,Box Of Vintage Jigsaw Blocks,6.19
21726,Multi Hearts Stickers,6.19
22400,Magnets Pack Of 4 Home Sweet Home,6.19
22435,Set Of 9 Heart Shaped Balloons,6.19
23502,Playing Cards Vintage Doily,6.19
90129C,Green Glass Tassle Bag Charm,6.19
90129B,Turquoise Glass Tassle Bag Charm,6.19
90129F,Red Glass Tassle Bag Charm,6.19
23249,Vintage Red Enamel Trim Plate,6.19
21504,Skulls Greeting Card,6.19
21700,Big Doughnut Fridge Magnets,6.19
22568,Feltcraft Cushion Owl,6.19
21679,Skulls Stickers,6.19
20759,Chrysanthemum Pocket Book,6.19
20758,Abstract Circles Pocket Book,6.19
72351B,Set/6 Pink Butterfly T-Lights,6.19
23472,Nine Drawer Office Tidy,6.19
21418,Starfish Soap Dish,6.19
21420,Oyster Trinket Box,6.19
21907,I'm On Holiday Metal Sign,6.19
23333,Ivory Wicker Heart Medium,6.19
85130B,Beaded Crystal Heart Green Large,6.19
85130D,Beaded Crystal Heart Pink Large,6.19
85130C,Beaded Crystal Heart Blue Large,6.19
22233,Jigsaw Rabbit And Birdhouse,6.04
22232,Jigsaw Toadstools 3 Piece,6.19
23099,French Carriage Lantern,6.19
21622,Vintage Union Jack Cushion Cover,6.19
22786,Cushion Cover Pink Union Jack,6.19
46000R,Polyester Filler Pad 45x30cm,6.19
20781,Gold Ear Muff Headphones,6.19
85062,Pearl Crystal Pumpkin T-Light Hldr,6.19
37449,Ceramic Cake Stand + Hanging Cakes,6.19
21456,2 Picture Book Eggs Easter Chicks,6.19
22967,Set 3 Song Bird Paper Eggs Assorted,6.19
22254,Felt Toadstool Large,6.19
22255,Felt Toadstool Small,6.19
23079,Toadstool Bedside Light,6.19
22981,Pantry Apple Corer,6.19
21366,Mirrored Wall Art Photo Frames,6.19
85204,Hanging Wood And Felt Flower,6.19
75049L,Large Circular Mirror Mobile,6.19
44235,Assorted Coloured Circle Mobile,6.19
21915,Red Harmonica In Box,6.19
21625,Vintage Union Jack Apron,6.04
22641,Set Of 4 Napkin Charms Instrument,6.04
90214F,"Letter ""F"" Bling Key Ring",6.19
90214G,"Letter ""G"" Bling Key Ring",6.19
21370,Mirrored Wall Art Foxy,7.24
21373,Mirrored Wall Art Snowflakes,7.24
21730,Glass Star Frosted T-Light Holder,7.24
22973,Children's Circus Parade Mug,6.19
23446,Blue Bunny Easter Egg Basket,6.19
23440,Paint Your Own Eggs In Crate,6.19
84805B,Blue Climbing Hydranga Art Flower,6.19
84804B,Blue Delphinium Artificial Flower,6.19
23447,Pink Bunny Easter Egg Basket,6.19
23473,Woodland Small Red Felt Heart,6.19
23475,Woodland Small Pink Felt Heart,6.19
23580,Snack Tray Happy Forest,7.24
84625A,Pink New Baroquecandlestick Candle,6.19
21265,Pink Goose Feather Tree 60cm,6.19
21128,Gold Fishing Gnome,6.19
21698,Mock Lobster Fridge Magnet,6.19
84880,White Wire Egg Holder,6.19
21818,Glitter Heart Decoration,6.04
90214H,"Letter ""H"" Bling Key Ring",6.19
90081C,Lily Brooch Olive Colour,6.04
90082B,Diamante Bow Brooch Red Colour,6.04
90081A,Lily Brooch Amethyst Colour,6.04
90073,Vintage Enamel & Crystal Earrings,6.04
22305,Coffee Mug Pink Paisley Design,6.19
22718,Card Cat And Tree,6.19
84843,White Soap Rack With 2 Bottles,7.24
21883,Stars Gift Tape,7.24
21880,Red Retrospot Tape,7.24
22851,Set 20 Napkins Fairy Cakes Design,6.19
35001G,Hand Open Shape Gold,6.19
35004G,Set Of 3 Gold Flying Ducks,6.19
21707,Folding Umbrella Blackblue Polkadot,6.19
84661C,Pink Square Table Clock,6.19
21896,Potting Shed Twine,6.19
22100,Skulls Square Tissue Box,6.19
22939,Adult Apron Apple Delight,6.19
21063,Party Invites Jazz Hearts,6.19
22288,Hanging Metal Rabbit Decoration,6.19
21244,Blue Polkadot Plate,7.24
21317,Glass Sphere Candle Stand Medium,6.19
85104,Silver Glass T-Light Set,6.19
23547,Wrap Flower Shop,6.19
84813,Set Of 4 Diamond Napkin Rings,6.19
22448,Pin Cushion Babushka Red,6.19
22799,Sweetheart Wire Fruit Bowl,6.19
84679,Classical Rose Table Lamp,6.19
84806B,White Candystuft Artificial Flower,6.19
84804A,Cream Delphinium Artificial Flower,6.19
84805A,Cream Climbing Hydranga Art Flower,6.19
22408,Money Box Confectionery Design,6.19
90195A,Purple Gemstone Bracelet,6.19
22042,Christmas Card Singing Angel,6.19
21788,Kids Rain Mac Blue,6.19
21666,Ridged Glass T-Light Holder,6.19
23036,T-Light Holder Silver Petit Four,6.19
23021,Glass Bonne Jam Jar,6.19
22710,Wrap I Love London,6.19
22409,Money Box Biscuits Design,6.39
23481,Pearlised Ivory Heart Small,6.19
23068,Aluminium Stamped Heart,6.19
90093,Clear Crystal Star Phone Charm,6.19
22306,Silver Mug Bone China Tree Of Life,6.04
21381,Mini Wooden Happy Birthday Garland,7.24
84051,Ass Colour Glowing Tiaras,6.04
84199,Glow In Dark Dolphins,6.19
85136A,Yellow Shark Helicopter,6.19
22440,Balloon Water Bomb Pack Of 35,6.19
90099,Necklace+Bracelet Set Blue Hibiscus,6.19
23305,Set 4 Picnic Cutlery Blueberry,6.19
23304,Set 4 Picnic Cutlery Cherry,6.19
22512,Doorstop Racing Car Design,7.24
84926E,Flowers Tile Coaster,6.19
84510E,Set Of 4 Green Carousel Coasters,7.24
23544,Wall Art Mid Century Modern,6.19
79149B,Silicon Star Bulb Blue,6.19
85071D,Charlie+Lola My Room Door Sign,6.19
85071A,Blue Charlie+Lola Personal Doorsign,6.19
